chapter_id,section_id
BNS_2023_CH_I,BNS_2023_s1
BNS_2023_CH_I,BNS_2023_s2
BNS_2023_CH_I,BNS_2023_s1
BNS_2023_CH_II,BNS_2023_s4
BNS_2023_CH_II,BNS_2023_s5
BNS_2023_CH_II,BNS_2023_s6
BNS_2023_CH_II,BNS_2023_s7
BNS_2023_CH_II,BNS_2023_s8
BNS_2023_CH_II,BNS_2023_s9
BNS_2023_CH_II,BNS_2023_s10
BNS_2023_CH_II,BNS_2023_s11
BNS_2023_CH_II,BNS_2023_s12
BNS_2023_CH_II,BNS_2023_s13
BNS_2023_CH_III,BNS_2023_s14
BNS_2023_CH_III,BNS_2023_s15
BNS_2023_CH_III,BNS_2023_s16
BNS_2023_CH_III,BNS_2023_s17
BNS_2023_CH_III,BNS_2023_s18
BNS_2023_CH_III,BNS_2023_s19
BNS_2023_CH_III,BNS_2023_s20
BNS_2023_CH_III,BNS_2023_s21
BNS_2023_CH_III,BNS_2023_s22
BNS_2023_CH_III,BNS_2023_s23
BNS_2023_CH_III,BNS_2023_s24
BNS_2023_CH_III,BNS_2023_s25
BNS_2023_CH_III,BNS_2023_s26
BNS_2023_CH_III,BNS_2023_s27
BNS_2023_CH_III,BNS_2023_s28
BNS_2023_CH_III,BNS_2023_s32
BNS_2023_CH_III,BNS_2023_s33
BNS_2023_CH_III,BNS_2023_s34
BNS_2023_CH_III,BNS_2023_s35
BNS_2023_CH_III,BNS_2023_s36
BNS_2023_CH_III,BNS_2023_s37
BNS_2023_CH_III,BNS_2023_s38
BNS_2023_CH_III,BNS_2023_s39
BNS_2023_CH_III,BNS_2023_s40
BNS_2023_CH_III,BNS_2023_s41
BNS_2023_CH_III,BNS_2023_s42
BNS_2023_CH_III,BNS_2023_s43
BNS_2023_CH_III,BNS_2023_s44
BNS_2023_CH_IV,BNS_2023_s45
BNS_2023_CH_IV,BNS_2023_s46
BNS_2023_CH_IV,BNS_2023_s47
BNS_2023_CH_IV,BNS_2023_s48
BNS_2023_CH_IV,BNS_2023_s49
BNS_2023_CH_IV,BNS_2023_s50
BNS_2023_CH_IV,BNS_2023_s51
BNS_2023_CH_IV,BNS_2023_s52
BNS_2023_CH_IV,BNS_2023_s53
BNS_2023_CH_IV,BNS_2023_s54
BNS_2023_CH_IV,BNS_2023_s55
BNS_2023_CH_IV,BNS_2023_s56
BNS_2023_CH_IV,BNS_2023_s57
BNS_2023_CH_IV,BNS_2023_s58
BNS_2023_CH_IV,BNS_2023_s59
BNS_2023_CH_IV,BNS_2023_s60
BNS_2023_CH_IV,BNS_2023_s61
BNS_2023_CH_IV,BNS_2023_s62
BNS_2023_CH_V,BNS_2023_s63
BNS_2023_CH_V,BNS_2023_s65
BNS_2023_CH_V,BNS_2023_s66
BNS_2023_CH_V,BNS_2023_s67
BNS_2023_CH_V,BNS_2023_s68
BNS_2023_CH_V,BNS_2023_s73
BNS_2023_CH_V,BNS_2023_s74
BNS_2023_CH_V,BNS_2023_s75
BNS_2023_CH_V,BNS_2023_s76
BNS_2023_CH_V,BNS_2023_s77
BNS_2023_CH_V,BNS_2023_s78
BNS_2023_CH_V,BNS_2023_s79
BNS_2023_CH_V,BNS_2023_s80
BNS_2023_CH_V,BNS_2023_s81
BNS_2023_CH_V,BNS_2023_s82
BNS_2023_CH_V,BNS_2023_s83
BNS_2023_CH_V,BNS_2023_s84
BNS_2023_CH_V,BNS_2023_s85
BNS_2023_CH_V,BNS_2023_s86
BNS_2023_CH_V,BNS_2023_s88
BNS_2023_CH_V,BNS_2023_s89
BNS_2023_CH_V,BNS_2023_s90
BNS_2023_CH_V,BNS_2023_s91
BNS_2023_CH_V,BNS_2023_s92
BNS_2023_CH_V,BNS_2023_s93
BNS_2023_CH_V,BNS_2023_s94
BNS_2023_CH_V,BNS_2023_s95
BNS_2023_CH_V,BNS_2023_s96
BNS_2023_CH_V,BNS_2023_s97
BNS_2023_CH_V,BNS_2023_s98
BNS_2023_CH_V,BNS_2023_s99
BNS_2023_CH_VI,BNS_2023_s100
BNS_2023_CH_VI,BNS_2023_s101
BNS_2023_CH_VI,BNS_2023_s102
BNS_2023_CH_VI,BNS_2023_s103
BNS_2023_CH_VI,BNS_2023_s104
BNS_2023_CH_VI,BNS_2023_s105
BNS_2023_CH_VI,BNS_2023_s106
BNS_2023_CH_VI,BNS_2023_s107
BNS_2023_CH_VI,BNS_2023_s108
BNS_2023_CH_VI,BNS_2023_s109
BNS_2023_CH_VI,BNS_2023_s110
BNS_2023_CH_VI,BNS_2023_s111
BNS_2023_CH_VI,BNS_2023_s112
BNS_2023_CH_VI,BNS_2023_s113
BNS_2023_CH_VI,BNS_2023_s114
BNS_2023_CH_VI,BNS_2023_s115
BNS_2023_CH_VI,BNS_2023_s116
BNS_2023_CH_VI,BNS_2023_s117
BNS_2023_CH_VI,BNS_2023_s118
BNS_2023_CH_VI,BNS_2023_s119
BNS_2023_CH_VI,BNS_2023_s120
BNS_2023_CH_VI,BNS_2023_s121
BNS_2023_CH_VI,BNS_2023_s122
BNS_2023_CH_VI,BNS_2023_s123
BNS_2023_CH_VI,BNS_2023_s124
BNS_2023_CH_VI,BNS_2023_s125
BNS_2023_CH_VI,BNS_2023_s126
BNS_2023_CH_VI,BNS_2023_s127
BNS_2023_CH_VI,BNS_2023_s128
BNS_2023_CH_VI,BNS_2023_s129
BNS_2023_CH_VI,BNS_2023_s130
BNS_2023_CH_VI,BNS_2023_s131
BNS_2023_CH_VI,BNS_2023_s132
BNS_2023_CH_VI,BNS_2023_s133
BNS_2023_CH_VI,BNS_2023_s134
BNS_2023_CH_VI,BNS_2023_s135
BNS_2023_CH_VI,BNS_2023_s136
BNS_2023_CH_VI,BNS_2023_s137
BNS_2023_CH_VI,BNS_2023_s138
BNS_2023_CH_VI,BNS_2023_s139
BNS_2023_CH_VI,BNS_2023_s144
BNS_2023_CH_VI,BNS_2023_s145
BNS_2023_CH_VI,BNS_2023_s146
BNS_2023_CH_VII,BNS_2023_s147
BNS_2023_CH_VII,BNS_2023_s148
BNS_2023_CH_VII,BNS_2023_s149
BNS_2023_CH_VII,BNS_2023_s150
BNS_2023_CH_VII,BNS_2023_s151
BNS_2023_CH_VII,BNS_2023_s152
BNS_2023_CH_VII,BNS_2023_s153
BNS_2023_CH_VII,BNS_2023_s154
BNS_2023_CH_VII,BNS_2023_s164
BNS_2023_CH_VII,BNS_2023_s165
BNS_2023_CH_VII,BNS_2023_s166
BNS_2023_CH_VII,BNS_2023_s167
BNS_2023_CH_VII,BNS_2023_s168
BNS_2023_CH_IX,BNS_2023_s169
BNS_2023_CH_IX,BNS_2023_s170
BNS_2023_CH_IX,BNS_2023_s171
BNS_2023_CH_IX,BNS_2023_s172
BNS_2023_CH_IX,BNS_2023_s173
BNS_2023_CH_IX,BNS_2023_s174
BNS_2023_CH_IX,BNS_2023_s175
BNS_2023_CH_IX,BNS_2023_s176
BNS_2023_CH_IX,BNS_2023_s177
BNS_2023_CH_X,BNS_2023_s178
BNS_2023_CH_X,BNS_2023_s179
BNS_2023_CH_X,BNS_2023_s180
BNS_2023_CH_X,BNS_2023_s181
BNS_2023_CH_X,BNS_2023_s182
BNS_2023_CH_X,BNS_2023_s188
BNS_2023_CH_XI,BNS_2023_s189
BNS_2023_CH_XI,BNS_2023_s190
BNS_2023_CH_XI,BNS_2023_s191
BNS_2023_CH_XI,BNS_2023_s192
BNS_2023_CH_XI,BNS_2023_s193
BNS_2023_CH_XI,BNS_2023_s194
BNS_2023_CH_XI,BNS_2023_s195
BNS_2023_CH_XI,BNS_2023_s196
BNS_2023_CH_XI,BNS_2023_s197
BNS_2023_CH_XII,BNS_2023_s198
BNS_2023_CH_XII,BNS_2023_s199
BNS_2023_CH_XII,BNS_2023_s200
BNS_2023_CH_XII,BNS_2023_s201
BNS_2023_CH_XII,BNS_2023_s202
BNS_2023_CH_XII,BNS_2023_s203
BNS_2023_CH_XII,BNS_2023_s204
BNS_2023_CH_XII,BNS_2023_s205
BNS_2023_CH_XIII,BNS_2023_s206
BNS_2023_CH_XIII,BNS_2023_s207
BNS_2023_CH_XIII,BNS_2023_s208
BNS_2023_CH_XIII,BNS_2023_s209
BNS_2023_CH_XIII,BNS_2023_s210
BNS_2023_CH_XIII,BNS_2023_s211
BNS_2023_CH_XIII,BNS_2023_s212
BNS_2023_CH_XIII,BNS_2023_s218
BNS_2023_CH_XIII,BNS_2023_s219
BNS_2023_CH_XIII,BNS_2023_s220
BNS_2023_CH_XIII,BNS_2023_s221
BNS_2023_CH_XIII,BNS_2023_s222
BNS_2023_CH_XIII,BNS_2023_s223
BNS_2023_CH_XIII,BNS_2023_s224
BNS_2023_CH_XIII,BNS_2023_s225
BNS_2023_CH_XIII,BNS_2023_s226
BNS_2023_CH_XIV,BNS_2023_s227
BNS_2023_CH_XIV,BNS_2023_s228
BNS_2023_CH_XIV,BNS_2023_s229
BNS_2023_CH_XIV,BNS_2023_s230
BNS_2023_CH_XIV,BNS_2023_s231
BNS_2023_CH_XIV,BNS_2023_s232
BNS_2023_CH_XIV,BNS_2023_s233
BNS_2023_CH_XIV,BNS_2023_s234
BNS_2023_CH_XIV,BNS_2023_s235
BNS_2023_CH_XIV,BNS_2023_s236
BNS_2023_CH_XIV,BNS_2023_s242
BNS_2023_CH_XIV,BNS_2023_s243
BNS_2023_CH_XIV,BNS_2023_s244
BNS_2023_CH_XIV,BNS_2023_s245
BNS_2023_CH_XIV,BNS_2023_s246
BNS_2023_CH_XIV,BNS_2023_s247
BNS_2023_CH_XIV,BNS_2023_s248
BNS_2023_CH_XIV,BNS_2023_s252
BNS_2023_CH_XIV,BNS_2023_s253
BNS_2023_CH_XIV,BNS_2023_s254
BNS_2023_CH_XIV,BNS_2023_s256
BNS_2023_CH_XIV,BNS_2023_s257
BNS_2023_CH_XIV,BNS_2023_s258
BNS_2023_CH_XIV,BNS_2023_s259
BNS_2023_CH_XIV,BNS_2023_s260
BNS_2023_CH_XIV,BNS_2023_s261
BNS_2023_CH_XIV,BNS_2023_s262
BNS_2023_CH_XIV,BNS_2023_s263
BNS_2023_CH_XIV,BNS_2023_s264
BNS_2023_CH_XIV,BNS_2023_s265
BNS_2023_CH_XIV,BNS_2023_s266
BNS_2023_CH_XIV,BNS_2023_s267
BNS_2023_CH_XIV,BNS_2023_s268
BNS_2023_CH_XIV,BNS_2023_s269
BNS_2023_CH_XV,BNS_2023_s270
BNS_2023_CH_XV,BNS_2023_s271
BNS_2023_CH_XV,BNS_2023_s272
BNS_2023_CH_XV,BNS_2023_s273
BNS_2023_CH_XV,BNS_2023_s274
BNS_2023_CH_XV,BNS_2023_s275
BNS_2023_CH_XV,BNS_2023_s276
BNS_2023_CH_XV,BNS_2023_s277
BNS_2023_CH_XV,BNS_2023_s278
BNS_2023_CH_XV,BNS_2023_s279
BNS_2023_CH_XV,BNS_2023_s280
BNS_2023_CH_XV,BNS_2023_s281
BNS_2023_CH_XV,BNS_2023_s282
BNS_2023_CH_XV,BNS_2023_s283
BNS_2023_CH_XV,BNS_2023_s284
BNS_2023_CH_XV,BNS_2023_s285
BNS_2023_CH_XV,BNS_2023_s286
BNS_2023_CH_XV,BNS_2023_s287
BNS_2023_CH_XV,BNS_2023_s288
BNS_2023_CH_XV,BNS_2023_s289
BNS_2023_CH_XV,BNS_2023_s290
BNS_2023_CH_XV,BNS_2023_s291
BNS_2023_CH_XV,BNS_2023_s292
BNS_2023_CH_XV,BNS_2023_s293
BNS_2023_CH_XV,BNS_2023_s294
BNS_2023_CH_XV,BNS_2023_s295
BNS_2023_CH_XV,BNS_2023_s296
BNS_2023_CH_XV,BNS_2023_s297
BNS_2023_CH_XVI,BNS_2023_s298
BNS_2023_CH_XVI,BNS_2023_s299
BNS_2023_CH_XVI,BNS_2023_s300
BNS_2023_CH_XVI,BNS_2023_s301
BNS_2023_CH_XVI,BNS_2023_s302
BNS_2023_CH_XVII,BNS_2023_s303
BNS_2023_CH_XVII,BNS_2023_s304
BNS_2023_CH_XVII,BNS_2023_s305
BNS_2023_CH_XVII,BNS_2023_s306
BNS_2023_CH_XVII,BNS_2023_s307
BNS_2023_CH_XVII,BNS_2023_s308
BNS_2023_CH_XVII,BNS_2023_s309
BNS_2023_CH_XVII,BNS_2023_s310
BNS_2023_CH_XVII,BNS_2023_s311
BNS_2023_CH_XVII,BNS_2023_s312
BNS_2023_CH_XVII,BNS_2023_s313
BNS_2023_CH_XVII,BNS_2023_s314
BNS_2023_CH_XVII,BNS_2023_s319
BNS_2023_CH_XVII,BNS_2023_s320
BNS_2023_CH_XVII,BNS_2023_s321
BNS_2023_CH_XVII,BNS_2023_s322
BNS_2023_CH_XVII,BNS_2023_s323
BNS_2023_CH_XVII,BNS_2023_s324
BNS_2023_CH_XVII,BNS_2023_s325
BNS_2023_CH_XVII,BNS_2023_s326
BNS_2023_CH_XVII,BNS_2023_s327
BNS_2023_CH_XVII,BNS_2023_s328
BNS_2023_CH_XVII,BNS_2023_s329
BNS_2023_CH_XVII,BNS_2023_s330
BNS_2023_CH_XVII,BNS_2023_s331
BNS_2023_CH_XVII,BNS_2023_s332
BNS_2023_CH_XVII,BNS_2023_s333
BNS_2023_CH_XVII,BNS_2023_s334
BNS_2023_CH_XVIII,BNS_2023_s335
BNS_2023_CH_XVIII,BNS_2023_s336
BNS_2023_CH_XVIII,BNS_2023_s337
BNS_2023_CH_XVIII,BNS_2023_s338
BNS_2023_CH_XVIII,BNS_2023_s339
BNS_2023_CH_XVIII,BNS_2023_s340
BNS_2023_CH_XVIII,BNS_2023_s341
BNS_2023_CH_XVIII,BNS_2023_s342
BNS_2023_CH_XVIII,BNS_2023_s343
BNS_2023_CH_XVIII,BNS_2023_s344
BNS_2023_CH_XVIII,BNS_2023_s346
BNS_2023_CH_XVIII,BNS_2023_s347
BNS_2023_CH_XVIII,BNS_2023_s348
BNS_2023_CH_XVIII,BNS_2023_s349
BNS_2023_CH_XVIII,BNS_2023_s350
BNS_2023_CH_XIX,BNS_2023_s351
BNS_2023_CH_XIX,BNS_2023_s352
BNS_2023_CH_XIX,BNS_2023_s353
BNS_2023_CH_XIX,BNS_2023_s354
BNS_2023_CH_XIX,BNS_2023_s355
BNS_2023_CH_XIX,BNS_2023_s356
BNS_2023_CH_XIX,BNS_2023_s357
BNS_2023_CH_XX,BNS_2023_s358
BNS_2023_CH_XX,BNS_2023_s2
BNS_2023_CH_XX,BNS_2023_s3
BNS_2023_CH_XX,BNS_2023_s4
BNS_2023_CH_XX,BNS_2023_s5
BNS_2023_CH_XX,BNS_2023_s6
BNS_2023_CH_XX,BNS_2023_s7
BNSS_2023_CH_I,BNSS_2023_s1
BNSS_2023_CH_I,BNSS_2023_s2
BNSS_2023_CH_I,BNSS_2023_s1
BNSS_2023_CH_I,BNSS_2023_s3
BNSS_2023_CH_I,BNSS_2023_s4
BNSS_2023_CH_I,BNSS_2023_s5
BNSS_2023_CH_II,BNSS_2023_s6
BNSS_2023_CH_II,BNSS_2023_s7
BNSS_2023_CH_II,BNSS_2023_s8
BNSS_2023_CH_II,BNSS_2023_s9
BNSS_2023_CH_II,BNSS_2023_s10
BNSS_2023_CH_II,BNSS_2023_s11
BNSS_2023_CH_II,BNSS_2023_s12
BNSS_2023_CH_II,BNSS_2023_s13
BNSS_2023_CH_II,BNSS_2023_s14
BNSS_2023_CH_II,BNSS_2023_s15
BNSS_2023_CH_II,BNSS_2023_s16
BNSS_2023_CH_II,BNSS_2023_s17
BNSS_2023_CH_II,BNSS_2023_s18
BNSS_2023_CH_II,BNSS_2023_s24
BNSS_2023_CH_II,BNSS_2023_s25
BNSS_2023_CH_II,BNSS_2023_s26
BNSS_2023_CH_II,BNSS_2023_s27
BNSS_2023_CH_II,BNSS_2023_s28
BNSS_2023_CH_II,BNSS_2023_s36
BNSS_2023_CH_II,BNSS_2023_s37
BNSS_2023_CH_II,BNSS_2023_s38
BNSS_2023_CH_II,BNSS_2023_s39
BNSS_2023_CH_II,BNSS_2023_s44
BNSS_2023_CH_II,BNSS_2023_s45
BNSS_2023_CH_II,BNSS_2023_s46
BNSS_2023_CH_II,BNSS_2023_s47
BNSS_2023_CH_II,BNSS_2023_s48
BNSS_2023_CH_II,BNSS_2023_s53
BNSS_2023_CH_II,BNSS_2023_s54
BNSS_2023_CH_II,BNSS_2023_s55
BNSS_2023_CH_XIII,BNSS_2023_s56
BNSS_2023_CH_XIII,BNSS_2023_s57
BNSS_2023_CH_XIII,BNSS_2023_s58
BNSS_2023_CH_XIII,BNSS_2023_s59
BNSS_2023_CH_XIII,BNSS_2023_s60
BNSS_2023_CH_XIII,BNSS_2023_s61
BNSS_2023_CH_XIII,BNSS_2023_s62
BNSS_2023_CH_VI,BNSS_2023_s63
BNSS_2023_CH_VI,BNSS_2023_s64
BNSS_2023_CH_VI,BNSS_2023_s65
BNSS_2023_CH_VI,BNSS_2023_s66
BNSS_2023_CH_VI,BNSS_2023_s67
BNSS_2023_CH_VI,BNSS_2023_s68
BNSS_2023_CH_VI,BNSS_2023_s69
BNSS_2023_CH_VI,BNSS_2023_s70
BNSS_2023_CH_VI,BNSS_2023_s76
BNSS_2023_CH_VI,BNSS_2023_s77
BNSS_2023_CH_VI,BNSS_2023_s78
BNSS_2023_CH_VI,BNSS_2023_s79
BNSS_2023_CH_VI,BNSS_2023_s80
BNSS_2023_CH_VI,BNSS_2023_s81
BNSS_2023_CH_VI,BNSS_2023_s82
BNSS_2023_CH_VI,BNSS_2023_s83
BNSS_2023_CH_VI,BNSS_2023_s84
BNSS_2023_CH_VI,BNSS_2023_s88
BNSS_2023_CH_VI,BNSS_2023_s89
BNSS_2023_CH_VI,BNSS_2023_s90
BNSS_2023_CH_VI,BNSS_2023_s98
BNSS_2023_CH_VI,BNSS_2023_s99
BNSS_2023_CH_VI,BNSS_2023_s100
BNSS_2023_CH_VI,BNSS_2023_s108
BNSS_2023_CH_VI,BNSS_2023_s109
BNSS_2023_CH_VI,BNSS_2023_s110
BNSS_2023_CH_IX,BNSS_2023_s125
BNSS_2023_CH_IX,BNSS_2023_s126
BNSS_2023_CH_IX,BNSS_2023_s127
BNSS_2023_CH_IX,BNSS_2023_s128
BNSS_2023_CH_IX,BNSS_2023_s129
BNSS_2023_CH_IX,BNSS_2023_s130
BNSS_2023_CH_IX,BNSS_2023_s131
BNSS_2023_CH_IX,BNSS_2023_s132
BNSS_2023_CH_IX,BNSS_2023_s133
BNSS_2023_CH_IX,BNSS_2023_s134
BNSS_2023_CH_IX,BNSS_2023_s135
BNSS_2023_CH_IX,BNSS_2023_s142
BNSS_2023_CH_IX,BNSS_2023_s145
BNSS_2023_CH_IX,BNSS_2023_s146
BNSS_2023_CH_IX,BNSS_2023_s147
BNSS_2023_CH_XI,BNSS_2023_s148
BNSS_2023_CH_XI,BNSS_2023_s149
BNSS_2023_CH_XI,BNSS_2023_s153
BNSS_2023_CH_XI,BNSS_2023_s154
BNSS_2023_CH_XI,BNSS_2023_s155
BNSS_2023_CH_XI,BNSS_2023_s156
BNSS_2023_CH_XI,BNSS_2023_s157
BNSS_2023_CH_XI,BNSS_2023_s158
BNSS_2023_CH_XI,BNSS_2023_s159
BNSS_2023_CH_XI,BNSS_2023_s160
BNSS_2023_CH_XI,BNSS_2023_s161
BNSS_2023_CH_XI,BNSS_2023_s162
BNSS_2023_CH_XI,BNSS_2023_s163
BNSS_2023_CH_XI,BNSS_2023_s164
BNSS_2023_CH_XI,BNSS_2023_s165
BNSS_2023_CH_XI,BNSS_2023_s166
BNSS_2023_CH_XI,BNSS_2023_s167
BNSS_2023_CH_XII,BNSS_2023_s168
BNSS_2023_CH_XII,BNSS_2023_s169
BNSS_2023_CH_XII,BNSS_2023_s170
BNSS_2023_CH_XII,BNSS_2023_s171
BNSS_2023_CH_XII,BNSS_2023_s172
BNSS_2023_CH_XIII,BNSS_2023_s173
BNSS_2023_CH_XIII,BNSS_2023_s174
BNSS_2023_CH_XIII,BNSS_2023_s175
BNSS_2023_CH_XIII,BNSS_2023_s176
BNSS_2023_CH_XIII,BNSS_2023_s177
BNSS_2023_CH_XIII,BNSS_2023_s178
BNSS_2023_CH_XIII,BNSS_2023_s179
BNSS_2023_CH_XIII,BNSS_2023_s180
BNSS_2023_CH_XIII,BNSS_2023_s181
BNSS_2023_CH_XIII,BNSS_2023_s182
BNSS_2023_CH_XIII,BNSS_2023_s183
BNSS_2023_CH_XIII,BNSS_2023_s184
BNSS_2023_CH_XIII,BNSS_2023_s185
BNSS_2023_CH_XIII,BNSS_2023_s188
BNSS_2023_CH_XIII,BNSS_2023_s189
BNSS_2023_CH_XIII,BNSS_2023_s190
BNSS_2023_CH_XIII,BNSS_2023_s194
BNSS_2023_CH_XIII,BNSS_2023_s195
BNSS_2023_CH_XIII,BNSS_2023_s196
BNSS_2023_CH_XIV,BNSS_2023_s197
BNSS_2023_CH_XIV,BNSS_2023_s198
BNSS_2023_CH_XIV,BNSS_2023_s199
BNSS_2023_CH_XIV,BNSS_2023_s200
BNSS_2023_CH_XIV,BNSS_2023_s201
BNSS_2023_CH_XIV,BNSS_2023_s202
BNSS_2023_CH_XIV,BNSS_2023_s203
BNSS_2023_CH_XIV,BNSS_2023_s204
BNSS_2023_CH_XIV,BNSS_2023_s205
BNSS_2023_CH_XIV,BNSS_2023_s216
BNSS_2023_CH_XIV,BNSS_2023_s217
BNSS_2023_CH_XIV,BNSS_2023_s218
BNSS_2023_CH_XIV,BNSS_2023_s220
BNSS_2023_CH_XIV,BNSS_2023_s221
BNSS_2023_CH_XIV,BNSS_2023_s222
BNSS_2023_CH_XVI,BNSS_2023_s223
BNSS_2023_CH_XVI,BNSS_2023_s224
BNSS_2023_CH_XVI,BNSS_2023_s225
BNSS_2023_CH_XVI,BNSS_2023_s226
BNSS_2023_CH_XVII,BNSS_2023_s227
BNSS_2023_CH_XVII,BNSS_2023_s228
BNSS_2023_CH_XVII,BNSS_2023_s229
BNSS_2023_CH_XVII,BNSS_2023_s230
BNSS_2023_CH_XVII,BNSS_2023_s231
BNSS_2023_CH_XVII,BNSS_2023_s242
BNSS_2023_CH_XVII,BNSS_2023_s243
BNSS_2023_CH_XVII,BNSS_2023_s2023
BNSS_2023_CH_XVII,BNSS_2023_s247
BNSS_2023_CH_XIX,BNSS_2023_s248
BNSS_2023_CH_XIX,BNSS_2023_s249
BNSS_2023_CH_XIX,BNSS_2023_s250
BNSS_2023_CH_XIX,BNSS_2023_s251
BNSS_2023_CH_XIX,BNSS_2023_s252
BNSS_2023_CH_XIX,BNSS_2023_s253
BNSS_2023_CH_XIX,BNSS_2023_s254
BNSS_2023_CH_XIX,BNSS_2023_s255
BNSS_2023_CH_XIX,BNSS_2023_s256
BNSS_2023_CH_XIX,BNSS_2023_s257
BNSS_2023_CH_XIX,BNSS_2023_s258
BNSS_2023_CH_XIX,BNSS_2023_s259
BNSS_2023_CH_XIX,BNSS_2023_s260
BNSS_2023_CH_XX,BNSS_2023_s261
BNSS_2023_CH_XX,BNSS_2023_s262
BNSS_2023_CH_XX,BNSS_2023_s263
BNSS_2023_CH_XX,BNSS_2023_s264
BNSS_2023_CH_XX,BNSS_2023_s265
BNSS_2023_CH_XX,BNSS_2023_s266
BNSS_2023_CH_XX,BNSS_2023_s267
BNSS_2023_CH_XX,BNSS_2023_s268
BNSS_2023_CH_XX,BNSS_2023_s273
BNSS_2023_CH_XXI,BNSS_2023_s274
BNSS_2023_CH_XXI,BNSS_2023_s275
BNSS_2023_CH_XXI,BNSS_2023_s276
BNSS_2023_CH_XXI,BNSS_2023_s277
BNSS_2023_CH_XXI,BNSS_2023_s278
BNSS_2023_CH_XXI,BNSS_2023_s279
BNSS_2023_CH_XXI,BNSS_2023_s280
BNSS_2023_CH_XXI,BNSS_2023_s281
BNSS_2023_CH_XXI,BNSS_2023_s290
BNSS_2023_CH_XXI,BNSS_2023_s291
BNSS_2023_CH_XXI,BNSS_2023_s299
BNSS_2023_CH_XXI,BNSS_2023_s300
BNSS_2023_CH_XXIV,BNSS_2023_s301
BNSS_2023_CH_XXIV,BNSS_2023_s302
BNSS_2023_CH_XXIV,BNSS_2023_s303
BNSS_2023_CH_XXIV,BNSS_2023_s304
BNSS_2023_CH_XXIV,BNSS_2023_s305
BNSS_2023_CH_XXIV,BNSS_2023_s306
BNSS_2023_CH_XXV,BNSS_2023_s307
BNSS_2023_CH_XXV,BNSS_2023_s308
BNSS_2023_CH_XXV,BNSS_2023_s313
BNSS_2023_CH_XXV,BNSS_2023_s314
BNSS_2023_CH_XXV,BNSS_2023_s315
BNSS_2023_CH_XXV,BNSS_2023_s316
BNSS_2023_CH_XXV,BNSS_2023_s317
BNSS_2023_CH_XXV,BNSS_2023_s318
BNSS_2023_CH_XXV,BNSS_2023_s319
BNSS_2023_CH_XXV,BNSS_2023_s320
BNSS_2023_CH_XXV,BNSS_2023_s321
BNSS_2023_CH_XXV,BNSS_2023_s322
BNSS_2023_CH_XXV,BNSS_2023_s323
BNSS_2023_CH_XXV,BNSS_2023_s329
BNSS_2023_CH_XXV,BNSS_2023_s330
BNSS_2023_CH_XXV,BNSS_2023_s331
BNSS_2023_CH_XXV,BNSS_2023_s332
BNSS_2023_CH_XXV,BNSS_2023_s333
BNSS_2023_CH_XXV,BNSS_2023_s334
BNSS_2023_CH_XXV,BNSS_2023_s335
BNSS_2023_CH_XXV,BNSS_2023_s336
BNSS_2023_CH_XXVI,BNSS_2023_s337
BNSS_2023_CH_XXVI,BNSS_2023_s343
BNSS_2023_CH_XXVI,BNSS_2023_s344
BNSS_2023_CH_XXVI,BNSS_2023_s345
BNSS_2023_CH_XXVI,BNSS_2023_s346
BNSS_2023_CH_XXVI,BNSS_2023_s347
BNSS_2023_CH_XXVI,BNSS_2023_s348
BNSS_2023_CH_XXVI,BNSS_2023_s349
BNSS_2023_CH_XXVI,BNSS_2023_s350
BNSS_2023_CH_XXVI,BNSS_2023_s351
BNSS_2023_CH_XXVI,BNSS_2023_s352
BNSS_2023_CH_XXVI,BNSS_2023_s353
BNSS_2023_CH_XXVI,BNSS_2023_s357
BNSS_2023_CH_XXVI,BNSS_2023_s358
BNSS_2023_CH_XXVI,BNSS_2023_s360
BNSS_2023_CH_XXVI,BNSS_2023_s361
BNSS_2023_CH_XXVI,BNSS_2023_s362
BNSS_2023_CH_XXVI,BNSS_2023_s363
BNSS_2023_CH_XXVI,BNSS_2023_s364
BNSS_2023_CH_XXVI,BNSS_2023_s365
BNSS_2023_CH_XXVI,BNSS_2023_s368
BNSS_2023_CH_XXVI,BNSS_2023_s369
BNSS_2023_CH_XXVI,BNSS_2023_s370
BNSS_2023_CH_XXVI,BNSS_2023_s371
BNSS_2023_CH_XXVI,BNSS_2023_s372
BNSS_2023_CH_XXVI,BNSS_2023_s373
BNSS_2023_CH_XXVI,BNSS_2023_s374
BNSS_2023_CH_XXVI,BNSS_2023_s375
BNSS_2023_CH_XXVI,BNSS_2023_s376
BNSS_2023_CH_XXVI,BNSS_2023_s377
BNSS_2023_CH_XXVI,BNSS_2023_s378
BNSS_2023_CH_XXVIII,BNSS_2023_s379
BNSS_2023_CH_XXVIII,BNSS_2023_s380
BNSS_2023_CH_XXVIII,BNSS_2023_s381
BNSS_2023_CH_XXVIII,BNSS_2023_s382
BNSS_2023_CH_XXVIII,BNSS_2023_s383
BNSS_2023_CH_XXVIII,BNSS_2023_s384
BNSS_2023_CH_XXVIII,BNSS_2023_s395
BNSS_2023_CH_XXVIII,BNSS_2023_s396
BNSS_2023_CH_XXVIII,BNSS_2023_s402
BNSS_2023_CH_XXVIII,BNSS_2023_s403
BNSS_2023_CH_XXVIII,BNSS_2023_s404
BNSS_2023_CH_XXVIII,BNSS_2023_s405
BNSS_2023_CH_XXVIII,BNSS_2023_s406
BNSS_2023_CH_XXX,BNSS_2023_s407
BNSS_2023_CH_XXX,BNSS_2023_s408
BNSS_2023_CH_XXX,BNSS_2023_s409
BNSS_2023_CH_XXX,BNSS_2023_s410
BNSS_2023_CH_XXX,BNSS_2023_s411
BNSS_2023_CH_XXX,BNSS_2023_s412
BNSS_2023_CH_XXXI,BNSS_2023_s413
BNSS_2023_CH_XXXI,BNSS_2023_s414
BNSS_2023_CH_XXXI,BNSS_2023_s415
BNSS_2023_CH_XXXI,BNSS_2023_s416
BNSS_2023_CH_XXXI,BNSS_2023_s417
BNSS_2023_CH_XXXI,BNSS_2023_s420
BNSS_2023_CH_XXXI,BNSS_2023_s421
BNSS_2023_CH_XXXI,BNSS_2023_s422
BNSS_2023_CH_XXXI,BNSS_2023_s423
BNSS_2023_CH_XXXI,BNSS_2023_s424
BNSS_2023_CH_XXXI,BNSS_2023_s425
BNSS_2023_CH_XXXI,BNSS_2023_s426
BNSS_2023_CH_XXXI,BNSS_2023_s427
BNSS_2023_CH_XXXI,BNSS_2023_s428
BNSS_2023_CH_XXXI,BNSS_2023_s429
BNSS_2023_CH_XXXI,BNSS_2023_s430
BNSS_2023_CH_XXXI,BNSS_2023_s431
BNSS_2023_CH_XXXI,BNSS_2023_s432
BNSS_2023_CH_XXXI,BNSS_2023_s433
BNSS_2023_CH_XXXI,BNSS_2023_s434
BNSS_2023_CH_XXXI,BNSS_2023_s435
BNSS_2023_CH_XXXII,BNSS_2023_s436
BNSS_2023_CH_XXXII,BNSS_2023_s437
BNSS_2023_CH_XXXII,BNSS_2023_s438
BNSS_2023_CH_XXXII,BNSS_2023_s439
BNSS_2023_CH_XXXII,BNSS_2023_s450
BNSS_2023_CH_XXXII,BNSS_2023_s451
BNSS_2023_CH_XXXII,BNSS_2023_s452
BNSS_2023_CH_XXXIV,BNSS_2023_s453
BNSS_2023_CH_XXXIV,BNSS_2023_s454
BNSS_2023_CH_XXXIV,BNSS_2023_s455
BNSS_2023_CH_XXXIV,BNSS_2023_s456
BNSS_2023_CH_XXXIV,BNSS_2023_s457
BNSS_2023_CH_XXXIV,BNSS_2023_s458
BNSS_2023_CH_XXXIV,BNSS_2023_s459
BNSS_2023_CH_XXXIV,BNSS_2023_s460
BNSS_2023_CH_XXXIV,BNSS_2023_s461
BNSS_2023_CH_XXXIV,BNSS_2023_s462
BNSS_2023_CH_XXXIV,BNSS_2023_s463
BNSS_2023_CH_XXXIV,BNSS_2023_s464
BNSS_2023_CH_XXXIV,BNSS_2023_s465
BNSS_2023_CH_XXXIV,BNSS_2023_s466
BNSS_2023_CH_XXXIV,BNSS_2023_s467
BNSS_2023_CH_XXXIV,BNSS_2023_s468
BNSS_2023_CH_XXXIV,BNSS_2023_s469
BNSS_2023_CH_XXXIV,BNSS_2023_s470
BNSS_2023_CH_XXXIV,BNSS_2023_s471
BNSS_2023_CH_XXXIV,BNSS_2023_s472
BNSS_2023_CH_XXXIV,BNSS_2023_s473
BNSS_2023_CH_XXXV,BNSS_2023_s478
BNSS_2023_CH_XXXV,BNSS_2023_s479
BNSS_2023_CH_XXXV,BNSS_2023_s480
BNSS_2023_CH_XVII,BNSS_2023_s481
BNSS_2023_CH_XVII,BNSS_2023_s482
BNSS_2023_CH_XVII,BNSS_2023_s483
BNSS_2023_CH_XVII,BNSS_2023_s484
BNSS_2023_CH_XVII,BNSS_2023_s485
BNSS_2023_CH_XVII,BNSS_2023_s486
BNSS_2023_CH_XVII,BNSS_2023_s487
BNSS_2023_CH_XVII,BNSS_2023_s488
BNSS_2023_CH_XVII,BNSS_2023_s489
BNSS_2023_CH_XVII,BNSS_2023_s490
BNSS_2023_CH_XVII,BNSS_2023_s491
BNSS_2023_CH_XVII,BNSS_2023_s492
BNSS_2023_CH_XVII,BNSS_2023_s493
BNSS_2023_CH_XVII,BNSS_2023_s494
BNSS_2023_CH_XVII,BNSS_2023_s495
BNSS_2023_CH_XVII,BNSS_2023_s496
BNSS_2023_CH_XXXVI,BNSS_2023_s497
BNSS_2023_CH_XXXVI,BNSS_2023_s512
BNSS_2023_CH_XXXVIII,BNSS_2023_s513
BNSS_2023_CH_XXXVIII,BNSS_2023_s514
BNSS_2023_CH_XXXVIII,BNSS_2023_s515
BNSS_2023_CH_XXXVIII,BNSS_2023_s516
BNSS_2023_CH_XXXVIII,BNSS_2023_s517
BNSS_2023_CH_XXXVIII,BNSS_2023_s518
BNSS_2023_CH_XXXVIII,BNSS_2023_s519
BNSS_2023_CH_XXXIX,BNSS_2023_s520
BNSS_2023_CH_XXXIX,BNSS_2023_s521
BNSS_2023_CH_XXXIX,BNSS_2023_s529
BNSS_2023_CH_XXXIX,BNSS_2023_s530
BNSS_2023_CH_XXXIX,BNSS_2023_s531
BSA_2023_CH_VII,BSA_2023_s104
BSA_2023_CH_VII,BSA_2023_s109
BSA_2023_CH_VII,BSA_2023_s110
BSA_2023_CH_VII,BSA_2023_s111
BSA_2023_CH_VII,BSA_2023_s112
BSA_2023_CH_VII,BSA_2023_s113
BSA_2023_CH_VII,BSA_2023_s114
BSA_2023_CH_VII,BSA_2023_s115
BSA_2023_CH_VII,BSA_2023_s116
BSA_2023_CH_VII,BSA_2023_s117
BSA_2023_CH_VII,BSA_2023_s118
BSA_2023_CH_VII,BSA_2023_s119
BSA_2023_CH_VII,BSA_2023_s120
BSA_2023_CH_VIII,BSA_2023_s121
BSA_2023_CH_VIII,BSA_2023_s122
BSA_2023_CH_VIII,BSA_2023_s123
BSA_2023_CH_IX,BSA_2023_s124
BSA_2023_CH_IX,BSA_2023_s125
BSA_2023_CH_IX,BSA_2023_s126
BSA_2023_CH_IX,BSA_2023_s127
BSA_2023_CH_IX,BSA_2023_s128
BSA_2023_CH_IX,BSA_2023_s149
BSA_2023_CH_IX,BSA_2023_s150
BSA_2023_CH_IX,BSA_2023_s151
BSA_2023_CH_IX,BSA_2023_s152
BSA_2023_CH_IX,BSA_2023_s153
BSA_2023_CH_IX,BSA_2023_s154
BSA_2023_CH_IX,BSA_2023_s155
BSA_2023_CH_IX,BSA_2023_s156
BSA_2023_CH_IX,BSA_2023_s157
BSA_2023_CH_IX,BSA_2023_s158
BSA_2023_CH_IX,BSA_2023_s159
BSA_2023_CH_IX,BSA_2023_s160
BSA_2023_CH_IX,BSA_2023_s161
BSA_2023_CH_IX,BSA_2023_s162
