from_section_id,to_section_id,context,reference_type,target_act_id
BNS_2023_s1,BNS_2023_s106,"1st day of July, 2024, except the provision of sub-section (2) of section 106, vide notification No. S.O. 850(E), dated, 23rd",see_also,BNS_2023
BNS_2023_s1,BNS_2023_s2,have the meaning assigned to it in clause (k) of section 2 of  the Transgender Persons (Protection of Rights,see_also,BNS_2023
BNS_2023_s1,BNS_2023_s3,"of a local authority as defined in clause (31) of section 3 of  the General Clauses Act, 1897 (10 of 1897), a",see_also,BNS_2023
BNS_2023_s1,BNS_2023_s2,"a Government company as defined in clause (45) of section 2 of  the Companies Act, 2013 (18 of 2013).  Explan",see_also,BNS_2023
BNS_2023_s5,BNS_2023_s474,"nhita to any other punishment in accordance  with section 474 of the Bharatiya Nagarik Suraksha Sanhita, 2023.",see_also,BNS_2023
BNS_2023_s5,BNSS_2023_s474,"nhita to any other punishment in accordance  with section 474 of the Bharatiya Nagarik Suraksha Sanhita, 2023.  Explanation.—For the purposes of this sec",cross_act,BNSS_2023
BNS_2023_s35,BNS_2023_s37,"right, subject to the  restrictions contained in section 37, to defend—  (a) his own body, and the body of an",see_also,BNS_2023
BNS_2023_s38,BNS_2023_s37,"body extends, under the restrictions specified in section 37, to the voluntary causing of  death or of any oth",see_also,BNS_2023
BNS_2023_s39,BNS_2023_s38,"e be not of any  of the descriptions specified in section 38, the right of private defence of the body does no",see_also,BNS_2023
BNS_2023_s39,BNS_2023_s37,"does extend, under the restrictions specified in section 37,  to the voluntary causing to the assailant of an",see_also,BNS_2023
BNS_2023_s41,BNS_2023_s37,"erty extends, under the restrictions specified in section 37, to the voluntary causing of  death or of any oth",see_also,BNS_2023
BNS_2023_s42,BNS_2023_s41,"pass, not of any of the descriptions specified in section 41, that  right does not extend to the voluntary cau",see_also,BNS_2023
BNS_2023_s42,BNS_2023_s37,"extend, subject to the restrictions  specified in section 37, to the voluntary causing to the wrong-doer of an",see_also,BNS_2023
BNS_2023_s52,BNS_2023_s51,"If the act  for which the abettor is liable under section 51 is committed in addition to the act abetted, and",see_also,BNS_2023
BNS_2023_s66,BNS_2023_s64,ts an offence punishable under sub-section (1) or sub-section (2) of section 64 and in the  course of such commission inflicts an,see_also,BNS_2023
BNS_2023_s67,BNS_2023_s63,y of the acts mentioned in  clauses (a) to (d) of section 63.,see_also,BNS_2023
BNS_2023_s73,BNS_2023_s72,Court with respect to an  offence referred to in section 72 without the previous permission of such Court sha,see_also,BNS_2023
BNS_2023_s80,BNS_2023_s2,"ction, “dowry” shall have the same meaning as in  section 2 of the Dowry Prohibition Act, 1961 (28 of 1961).",see_also,BNS_2023
BNS_2023_s86,BNS_2023_s85,"Cruelty defined.—For the purposes of section 85, “cruelty” means—  (a) any wilful conduct which i",see_also,BNS_2023
BNS_2023_s89,BNS_2023_s88,"man’s consent.—Whoever commits the offence under  section 88 without the consent of the woman, whether the wom",see_also,BNS_2023
BNS_2023_s99,BNS_2023_s98,“Illicit intercourse” has the same meaning as in section 98.  CHAPTER VI  OF OFFENCES AFFECTING THE HUMAN BOD,see_also,BNS_2023
BNS_2023_s115,BNS_2023_s122,"(2) Whoever, except in the case provided for by sub-section (1) of section 122 voluntarily causes  hurt, shall be punished with",see_also,BNS_2023
BNS_2023_s117,BNS_2023_s122,"(2) Whoever, except in the case provided for by sub-section (2) of section 122, voluntarily causes  grievous hurt, shall be puni",see_also,BNS_2023
BNS_2023_s118,BNS_2023_s122,"—(1) Whoever,  except in the case provided for by sub-section (1) of section 122, voluntarily causes hurt by means of any  instrum",see_also,BNS_2023
BNS_2023_s118,BNS_2023_s122,"(2) Whoever, except in the case provided for by sub-section (2) of section 122, voluntarily causes  grievous hurt by any means r",see_also,BNS_2023
BNS_2023_s122,BNS_2023_s101,is subject to the same proviso as Exception 1 of section 101.,see_also,BNS_2023
BNS_2023_s136,BNS_2023_s131,"his section is subject to the same Explanation as section 131.  Of kidnapping, abduction, slavery and forced la",see_also,BNS_2023
BNS_2023_s148,BNS_2023_s147,Conspiracy to commit offences punishable by section 147.—Whoever within or without and  beyond India cons,see_also,BNS_2023
BNS_2023_s148,BNS_2023_s147,"pires to commit any of the offences punishable by section 147, or conspires to  overawe, by means of criminal f",see_also,BNS_2023
BNS_2023_s178,BNS_2023_s2,"shall have the same meaning as assigned to it in section 2 of the Coinage Act, 2011  (11 of 2011) and includ",see_also,BNS_2023
BNS_2023_s199,BNS_2023_s173,"ails to record any information given to him under sub-section (1) of section 173 of the  Bharatiya Nagarik Suraksha Sanhita, 2023",see_also,BNS_2023
BNS_2023_s199,BNS_2023_s64,"relation to cognizable offence punishable under  section 64, section 65, section 66, section 67, section 68,",see_also,BNS_2023
BNS_2023_s199,BNS_2023_s65,"cognizable offence punishable under  section 64, section 65, section 66, section 67, section 68, section 70,",see_also,BNS_2023
BNS_2023_s199,BNS_2023_s66,"offence punishable under  section 64, section 65, section 66, section 67, section 68, section 70, section 71,",see_also,BNS_2023
BNS_2023_s199,BNS_2023_s67,"shable under  section 64, section 65, section 66, section 67, section 68, section 70, section 71, section 74,",see_also,BNS_2023
BNS_2023_s199,BNS_2023_s68,"section 64, section 65, section 66, section 67, section 68, section 70, section 71, section 74,  section 76,",see_also,BNS_2023
BNS_2023_s199,BNS_2023_s70,", section 65, section 66, section 67, section 68, section 70, section 71, section 74,  section 76, section 77,",see_also,BNS_2023
BNS_2023_s199,BNS_2023_s71,", section 66, section 67, section 68, section 70, section 71, section 74,  section 76, section 77, section 79,",see_also,BNS_2023
BNS_2023_s199,BNS_2023_s74,", section 67, section 68, section 70, section 71, section 74,  section 76, section 77, section 79, section 124",see_also,BNS_2023
BNS_2023_s199,BNS_2023_s76,"section 68, section 70, section 71, section 74,  section 76, section 77, section 79, section 124, section 143",see_also,BNS_2023
BNS_2023_s199,BNS_2023_s77,"section 70, section 71, section 74,  section 76, section 77, section 79, section 124, section 143 or section",see_also,BNS_2023
BNS_2023_s199,BNS_2023_s79,"section 71, section 74,  section 76, section 77, section 79, section 124, section 143 or section 144,  shall",see_also,BNS_2023
BNS_2023_s199,BNS_2023_s124,"section 74,  section 76, section 77, section 79, section 124, section 143 or section 144,  shall be punished w",see_also,BNS_2023
BNS_2023_s199,BNS_2023_s143,"section 76, section 77, section 79, section 124, section 143 or section 144,  shall be punished with rigorous",see_also,BNS_2023
BNS_2023_s199,BNS_2023_s144,"ction 77, section 79, section 124, section 143 or section 144,  shall be punished with rigorous imprisonment fo",see_also,BNS_2023
BNS_2023_s199,BNSS_2023_s173,"information given to him under sub-section (1) of section 173 of the  Bharatiya Nagarik Suraksha Sanhita, 2023 in relation to cognizable offence punishabl",cross_act,BNSS_2023
BNS_2023_s200,BNS_2023_s397,"any other person,  contravenes the provisions of section 397 of the Bharatiya Nagarik Suraksha Sanhita, 2023,",see_also,BNS_2023
BNS_2023_s200,BNSS_2023_s397,"any other person,  contravenes the provisions of section 397 of the Bharatiya Nagarik Suraksha Sanhita, 2023, shall be  punished with imprisonment for a",cross_act,BNSS_2023
BNS_2023_s209,BNS_2023_s84,"on-appearance in response to a proclamation under section 84 of Bharatiya Nagarik  Suraksha Sanhita, 2023.—Who",see_also,BNS_2023
BNS_2023_s209,BNS_2023_s84,"me as  required by a proclamation published under sub-section (1) of section 84 of the Bharatiya Nagarik  Suraksha Sanhita, 2023,",see_also,BNS_2023
BNS_2023_s211,BNS_2023_s394,"to be given is required by an order passed  under section 394 of the Bharatiya Nagarik Suraksha Sanhita, 2023 w",see_also,BNS_2023
BNS_2023_s211,BNSS_2023_s394,"to be given is required by an order passed  under section 394 of the Bharatiya Nagarik Suraksha Sanhita, 2023 with imprisonment of either  description fo",cross_act,BNSS_2023
BNS_2023_s248,BNS_2023_s250,h.  Exception.—The provisions of this section and section 250 do not extend to any case in which the  offence m,see_also,BNS_2023
BNS_2023_s264,BNS_2023_s259,"ement, any person in any case not provided for in section 259, section 260  or section 261, or in any other law",see_also,BNS_2023
BNS_2023_s264,BNS_2023_s260,"rson in any case not provided for in section 259, section 260  or section 261, or in any other law for the time",see_also,BNS_2023
BNS_2023_s264,BNS_2023_s261,"not provided for in section 259, section 260  or section 261, or in any other law for the time being in force,",see_also,BNS_2023
BNS_2023_s265,BNS_2023_s262,"ded for.—Whoever, in any case not provided for in section 262 or section 263 or in any other law  for the time",see_also,BNS_2023
BNS_2023_s265,BNS_2023_s263,"r, in any case not provided for in section 262 or section 263 or in any other law  for the time being in force,",see_also,BNS_2023
BNS_2023_s295,BNS_2023_s294,"hild any such obscene object as is referred to in section 294, or offers or attempts so to  do, shall be punish",see_also,BNS_2023
BNS_2023_s314,BNS_2023_s17,loyer of an establishment whether exempted under  section 17 of the Employees’ Provident Funds and Miscellaneo,see_also,BNS_2023
BNS_2023_s335,BNS_2023_s2,"have the meaning assigned to it in clause (d) of sub-section (1) of section 2 of the Information  Technology Act, 2000 (21 of 2",see_also,BNS_2023
BNS_2023_s337,BNS_2023_s2,"n the electronic form as defined in clause (r) of sub-section (1) of section 2 of the  Information Technology Act, 2000 (21 of 2",see_also,BNS_2023
BNS_2023_s339,BNS_2023_s337,"Having possession of document described in section 337 or section 338, knowing it to be  forged and inte",see_also,BNS_2023
BNS_2023_s339,BNS_2023_s338,"ossession of document described in section 337 or section 338, knowing it to be  forged and intending to use it",see_also,BNS_2023
BNS_2023_s339,BNS_2023_s337,"nic record is one of the description mentioned in section  337 of this Sanhita, be punished with imprisonment of",see_also,BNS_2023
BNS_2023_s339,BNS_2023_s338,"document is one of the description mentioned in  section 338, shall be punished with imprisonment for life, or",see_also,BNS_2023
BNS_2023_s341,BNS_2023_s338,", with intent to commit forgery punishable under  section 338.—(1) Whoever makes or counterfeits any seal, plat",see_also,BNS_2023
BNS_2023_s341,BNS_2023_s338,"ting any forgery which would  be punishable under section 338 of this Sanhita, or, with such intent, has in his",see_also,BNS_2023
BNS_2023_s341,BNS_2023_s338,"able under any section of this Chapter other than section 338, or, with such intent, has in his  possession any",see_also,BNS_2023
BNS_2023_s342,BNS_2023_s338,"rk used for authenticating documents described in section 338,  or possessing counterfeit marked material.—(1)",see_also,BNS_2023
BNS_2023_s342,BNS_2023_s338,"pose of authenticating any document described in  section 338, intending that such device or mark shall be used",see_also,BNS_2023
BNS_2023_s342,BNS_2023_s338,"nic record other than the documents described in  section 338, intending that such device or mark shall be used",see_also,BNS_2023
BNSS_2023_s1,BNSS_2023_s106(2),", [except the provisions of the entry relation to Section 106(2) in the first Schedule], vide notification No. S.O",see_also,BNSS_2023
BNSS_2023_s1,BNSS_2023_s20,"in respect of which a complaint may be made under section 20 of the Cattle  Trespass Act, 1871 (1 of 1871);  (",see_also,BNSS_2023
BNSS_2023_s1,BNSS_2023_s193,warded by a police officer to a Magistrate under  sub-section (3) of section 193;  (u) “police station” means any post or place de,see_also,BNSS_2023
BNSS_2023_s1,BNSS_2023_s18,"blic Prosecutor” means any person appointed under section 18, and includes any person  acting under the direct",see_also,BNSS_2023
BNSS_2023_s12,BNSS_2023_s9,eas within which the  Magistrates appointed under section 9 or under section 11 may exercise all or any of th,see_also,BNSS_2023
BNSS_2023_s12,BNSS_2023_s11,e  Magistrates appointed under section 9 or under section 11 may exercise all or any of the powers with which,see_also,BNSS_2023
BNSS_2023_s12,BNSS_2023_s9,ocal jurisdiction of a Magistrate appointed under section 9 or section 11 extends to an  area beyond the dist,see_also,BNSS_2023
BNSS_2023_s12,BNSS_2023_s11,tion of a Magistrate appointed under section 9 or section 11 extends to an  area beyond the district in which,see_also,BNSS_2023
BNSS_2023_s24,BNSS_2023_s23,"t in excess of the powers of the Magistrate under section 23;  (b) shall not, where imprisonment has been awar",see_also,BNSS_2023
BNSS_2023_s24,BNSS_2023_s23,he maximum term awardable by the Magistrate under section 23.,see_also,BNSS_2023
BNSS_2023_s25,BNSS_2023_s9,"nces, the Court may, subject to the provisions of section 9 of the Bharatiya  Nyaya Sanhita, 2023, sentence h",see_also,BNSS_2023
BNSS_2023_s28,BNSS_2023_s394,"convict, commits a breach of any rule made under sub-section (5) of  section 394; or  (j) for whose arrest any requisition, whethe",see_also,BNSS_2023
BNSS_2023_s28,BNSS_2023_s39,"he requisition.  (2) Subject to the provisions of section 39, no person concerned in a non-cognizable offence",see_also,BNSS_2023
BNSS_2023_s48,BNSS_2023_s193,shall forward it to the Magistrate referred to in section 193 as part of the documents referred  to in clause (,see_also,BNSS_2023
BNSS_2023_s55,BNSS_2023_s35,wer of a police officer to arrest a person under  section 35.,see_also,BNSS_2023
BNSS_2023_s61,BNSS_2023_s44,im in any  place in India.  (2) The provisions of section 44 shall apply to arrests under sub-section (1) alth,see_also,BNSS_2023
BNSS_2023_s67,BNSS_2023_s64,"rcise of due diligence be effected as provided in section 64, section 65 or section 66, the serving officer  s",see_also,BNSS_2023
BNSS_2023_s67,BNSS_2023_s65,"diligence be effected as provided in section 64, section 65 or section 66, the serving officer  shall affix o",see_also,BNSS_2023
BNSS_2023_s67,BNSS_2023_s66,"effected as provided in section 64, section 65 or section 66, the serving officer  shall affix one of the dupl",see_also,BNSS_2023
BNSS_2023_s68,BNSS_2023_s64,"e summons to be served in the  manner provided by section 64, and shall return it to the Court under his signa",see_also,BNSS_2023
BNSS_2023_s70,BNSS_2023_s64,orting to be endorsed (in the  manner provided by section 64 or section 66) by the person to whom it was deliv,see_also,BNSS_2023
BNSS_2023_s70,BNSS_2023_s66,ndorsed (in the  manner provided by section 64 or section 66) by the person to whom it was delivered or tender,see_also,BNSS_2023
BNSS_2023_s70,BNSS_2023_s73,"tion  in the case, unless security is taken under section 73.",see_also,BNSS_2023
BNSS_2023_s78,BNSS_2023_s73,ant of arrest shall (subject to the provisions of section 73 as to security) without  unnecessary delay bring,see_also,BNSS_2023
BNSS_2023_s80,BNSS_2023_s83,y  be sufficient to enable the Court acting under section 83 to decide whether bail should or should not be  g,see_also,BNSS_2023
BNSS_2023_s82,BNSS_2023_s73,"rrest was made, or unless security is taken under section 73, be taken before such Magistrate or District  Sup",see_also,BNSS_2023
BNSS_2023_s83,BNSS_2023_s73,"issioner, or a direction has been endorsed  under section 73 on the warrant and such person is ready and willi",see_also,BNSS_2023
BNSS_2023_s83,BNSS_2023_s480,"udicial  Magistrate (subject to the provisions of section 480), or the Sessions Judge, of the district in which",see_also,BNSS_2023
BNSS_2023_s83,BNSS_2023_s80,"the information and the documents referred to in sub-section (2) of section  80, to release such person on bail.  (2) Nothing in",see_also,BNSS_2023
BNSS_2023_s83,BNSS_2023_s73,vent a police officer from taking security under  section 73.  C.—Proclamation and attachment,see_also,BNSS_2023
BNSS_2023_s84,BNSS_2023_s85,"t such interest is not liable to attachment under section 85, the claim or objection  shall be inquired into,",see_also,BNSS_2023
BNSS_2023_s84,BNSS_2023_s85,"property attached under an order  endorsed under sub-section (2) of section 85, in the Court of the Chief Judicial Magistrate of",see_also,BNSS_2023
BNSS_2023_s88,BNSS_2023_s87,"ntil any claim preferred or objection made  under section 87 has been disposed of under that section, unless i",see_also,BNSS_2023
BNSS_2023_s89,BNSS_2023_s88,"of attached property.—Any person  referred to in sub-section (3) of section 88, who is aggrieved by any refusal to deliver prope",see_also,BNSS_2023
BNSS_2023_s98,BNSS_2023_s152,ter the publication of which is  punishable under section 152 or section 196 or section 197 or section 294 or s,see_also,BNSS_2023
BNSS_2023_s98,BNSS_2023_s196,tion of which is  punishable under section 152 or section 196 or section 197 or section 294 or section 295 or s,see_also,BNSS_2023
BNSS_2023_s98,BNSS_2023_s197,s  punishable under section 152 or section 196 or section 197 or section 294 or section 295 or section 299 of,see_also,BNSS_2023
BNSS_2023_s98,BNSS_2023_s294,nder section 152 or section 196 or section 197 or section 294 or section 295 or section 299 of  grounds of its,see_also,BNSS_2023
BNSS_2023_s98,BNSS_2023_s295,"2 or section 196 or section 197 or section 294 or section 295 or section 299 of  grounds of its opinion, declar",see_also,BNSS_2023
BNSS_2023_s98,BNSS_2023_s299,"6 or section 197 or section 294 or section 295 or section 299 of  grounds of its opinion, declare every copy of",see_also,BNSS_2023
BNSS_2023_s98,BNSS_2023_s99,"ably suspected to be.  (2) In this section and in section 99,—  (a) “newspaper” and “book” have the same meani",see_also,BNSS_2023
BNSS_2023_s98,BNSS_2023_s99,erwise  than in accordance with the provisions of section 99.,see_also,BNSS_2023
BNSS_2023_s99,BNSS_2023_s98,"a declaration of forfeiture has been  made under section 98, may, within two months from the date of publicat",see_also,BNSS_2023
BNSS_2023_s99,BNSS_2023_s98,"not contain  any such matter as is referred to in sub-section (1) of section 98.  (2) Every such application shall, where the Hig",see_also,BNSS_2023
BNSS_2023_s99,BNSS_2023_s98,", contained any such matter as is referred to in  sub-section (1) of section 98, set aside the declaration of forfeiture.  (5) Wh",see_also,BNSS_2023
BNSS_2023_s110,BNSS_2023_s70,"clause (c) has been  so served, the provisions of section 70 shall apply in relation to such summons as if the",see_also,BNSS_2023
BNSS_2023_s125,BNSS_2023_s193,"of 2023),  other than an offence punishable under sub-section (1) of section 193 or section 196 or section 197  thereof;  (b) any",see_also,BNSS_2023
BNSS_2023_s125,BNSS_2023_s196,unishable under sub-section (1) of section 193 or section 196 or section 197  thereof;  (b) any offence which c,see_also,BNSS_2023
BNSS_2023_s125,BNSS_2023_s197,"sub-section (1) of section 193 or section 196 or section 197  thereof;  (b) any offence which consists of, or",see_also,BNSS_2023
BNSS_2023_s127,BNSS_2023_s152,tter the publication of which is punishable under section 152 or section 196 or  section 197 or section 299 of,see_also,BNSS_2023
BNSS_2023_s127,BNSS_2023_s196,ation of which is punishable under section 152 or section 196 or  section 197 or section 299 of the Bharatiya N,see_also,BNSS_2023
BNSS_2023_s127,BNSS_2023_s197,"s punishable under section 152 or section 196 or  section 197 or section 299 of the Bharatiya Nyaya Sanhita, 20",see_also,BNSS_2023
BNSS_2023_s127,BNSS_2023_s299,"der section 152 or section 196 or  section 197 or section 299 of the Bharatiya Nyaya Sanhita, 2023 (45 of 2023)",see_also,BNSS_2023
BNSS_2023_s127,BNSS_2023_s294,"ion any obscene matter such as is  referred to in section 294 of the Bharatiya Nyaya Sanhita, 2023,  and the Ma",see_also,BNSS_2023
BNSS_2023_s127,BNS_2023_s299,"der section 152 or section 196 or  section 197 or section 299 of the Bharatiya Nyaya Sanhita, 2023 (45 of 2023); or  (b) any matter concerning",cross_act,BNS_2023
BNSS_2023_s127,BNS_2023_s294,"ion any obscene matter such as is  referred to in section 294 of the Bharatiya Nyaya Sanhita, 2023,  and the Magistrate is of opinion that the",cross_act,BNS_2023
BNSS_2023_s130,BNSS_2023_s126,"Order to be made.—When a Magistrate acting under section 126, section 127, section 128 or  section 129, deems",see_also,BNSS_2023
BNSS_2023_s130,BNSS_2023_s127,"made.—When a Magistrate acting under section 126, section 127, section 128 or  section 129, deems it necessary",see_also,BNSS_2023
BNSS_2023_s130,BNSS_2023_s128,"Magistrate acting under section 126, section 127, section 128 or  section 129, deems it necessary to require an",see_also,BNSS_2023
BNSS_2023_s130,BNSS_2023_s129,"g under section 126, section 127, section 128 or  section 129, deems it necessary to require any person to show",see_also,BNSS_2023
BNSS_2023_s133,BNSS_2023_s132,r warrant.—Every summons or warrant issued under  section 132 shall be accompanied by a copy of the order made,see_also,BNSS_2023
BNSS_2023_s133,BNSS_2023_s130,"be accompanied by a copy of the order made under section 130, and such copy shall be  delivered by the officer",see_also,BNSS_2023
BNSS_2023_s135,BNSS_2023_s130,to truth of information.—(1) When an order under section 130 has been read or  explained under section 131 to,see_also,BNSS_2023
BNSS_2023_s135,BNSS_2023_s131,"der section 130 has been read or  explained under section 131 to a person present in Court, or when any person",see_also,BNSS_2023
BNSS_2023_s135,BNSS_2023_s132,"execution of, a summons or warrant, issued under section 132, the  Magistrate shall proceed to inquire into th",see_also,BNSS_2023
BNSS_2023_s135,BNSS_2023_s130,"ect the person in respect of whom the order under section 130  has been made to execute a bond or bail bond, fo",see_also,BNSS_2023
BNSS_2023_s135,BNSS_2023_s127,"gainst whom proceedings are not being taken under section 127, section 128, or  section 129 shall be directed t",see_also,BNSS_2023
BNSS_2023_s135,BNSS_2023_s128,"roceedings are not being taken under section 127, section 128, or  section 129 shall be directed to execute a b",see_also,BNSS_2023
BNSS_2023_s135,BNSS_2023_s129,"t being taken under section 127, section 128, or  section 129 shall be directed to execute a bond or bail bond",see_also,BNSS_2023
BNSS_2023_s135,BNSS_2023_s127,"all, where the proceedings have been  taken under section 127, be simple, and, where the proceedings have been",see_also,BNSS_2023
BNSS_2023_s135,BNSS_2023_s128,"and, where the proceedings have been taken under section 128 or  section 129, be rigorous or simple as the Cou",see_also,BNSS_2023
BNSS_2023_s135,BNSS_2023_s129,"proceedings have been taken under section 128 or  section 129, be rigorous or simple as the Court or Magistrate",see_also,BNSS_2023
BNSS_2023_s142,BNSS_2023_s136,"an order passed by an Executive Magistrate under section 136, or the Chief Judicial  Magistrate in any other c",see_also,BNSS_2023
BNSS_2023_s142,BNSS_2023_s136,"an order passed by an Executive Magistrate under section 136, or the Chief Judicial Magistrate in any  other c",see_also,BNSS_2023
BNSS_2023_s142,BNSS_2023_s136,"an order passed by an Executive Magistrate under section 136, or the Chief Judicial Magistrate  in any other c",see_also,BNSS_2023
BNSS_2023_s142,BNSS_2023_s136,"an order passed by an Executive Magistrate under section 136, or the Chief  Judicial Magistrate in any other c",see_also,BNSS_2023
BNSS_2023_s142,BNSS_2023_s136,"an order passed by an Executive Magistrate under  section 136, or the Chief Judicial Magistrate in any other ca",see_also,BNSS_2023
BNSS_2023_s142,BNSS_2023_s141,"ub-section (7) shall, subject to the provisionsof section 141, be  released at any time on giving security in a",see_also,BNSS_2023
BNSS_2023_s142,BNSS_2023_s136,"an order passed by an Executive Magistrate under section  136, or the Chief Judicial Magistrate in any other ca",see_also,BNSS_2023
BNSS_2023_s145,BNSS_2023_s144,Procedure.— (1) Proceedings under section 144 may be taken against any person in any district—,see_also,BNSS_2023
BNSS_2023_s145,BNSS_2023_s144,(3) The Court in dealing with applications under section 144 shall have power to make such order as to  costs,see_also,BNSS_2023
BNSS_2023_s146,BNSS_2023_s144,"he circumstances of any person, receiving,  under section 144 a monthly allowance for the maintenance or interi",see_also,BNSS_2023
BNSS_2023_s146,BNSS_2023_s144,"of a competent Civil Court,  any order made under section 144 should be cancelled or varied, he shall cancel th",see_also,BNSS_2023
BNSS_2023_s146,BNSS_2023_s144,"rdingly.  (3) Where any order has been made under section 144 in favour of a woman who has been divorced  by, o",see_also,BNSS_2023
BNSS_2023_s146,BNSS_2023_s144,"or any of them has been ordered  to be paid under section 144, the Civil Court shall take into account the sum",see_also,BNSS_2023
BNSS_2023_s149,BNSS_2023_s148,"erse assembly.—(1) If any assembly referred to in sub-section (1) of  section 148 cannot otherwise be dispersed, and it is necessar",see_also,BNSS_2023
BNSS_2023_s155,BNSS_2023_s154,Penalty for failure to comply with section 154.—If the person against whom an order is made  und,see_also,BNSS_2023
BNSS_2023_s155,BNSS_2023_s154,f the person against whom an order is made  under section 154 does not perform such act or appear and show caus,see_also,BNSS_2023
BNSS_2023_s155,BNSS_2023_s223,"iable to the penalty  specified in that behalf in section 223 of the Bharatiya Nyaya Sanhita, 2023, and the ord",see_also,BNSS_2023
BNSS_2023_s155,BNS_2023_s223,"iable to the penalty  specified in that behalf in section 223 of the Bharatiya Nyaya Sanhita, 2023, and the order shall be made  absolute.",cross_act,BNS_2023
BNSS_2023_s156,BNSS_2023_s152,"ght is denied.— (1) Where an order is made under  section 152 for the purpose of preventing obstruction, nuisan",see_also,BNSS_2023
BNSS_2023_s156,BNSS_2023_s157,"so, the Magistrate shall, before proceeding under section 157,  inquire into the matter.  (2) If in such inquir",see_also,BNSS_2023
BNSS_2023_s156,BNSS_2023_s157,"o such evidence, he shall proceed as laid down in section 157.  (3) A person who has, on being questioned by th",see_also,BNSS_2023
BNSS_2023_s157,BNSS_2023_s152,ure where person against whom order is made under section 152 appears to show  cause.—(1) If the person against,see_also,BNSS_2023
BNSS_2023_s157,BNSS_2023_s152,se.—(1) If the person against whom an order under section 152 is made appears and shows cause against  the orde,see_also,BNSS_2023
BNSS_2023_s158,BNSS_2023_s156,"istrate may, for the purposes of an inquiry under section 156 or section 157—  (a) direct a local investigation",see_also,BNSS_2023
BNSS_2023_s158,BNSS_2023_s157,r the purposes of an inquiry under section 156 or section 157—  (a) direct a local investigation to be made by,see_also,BNSS_2023
BNSS_2023_s159,BNSS_2023_s158,"irects a  local investigation by any person under section 158, the Magistrate may—  (a) furnish such person wit",see_also,BNSS_2023
BNSS_2023_s159,BNSS_2023_s158,"e Magistrate summons and examines an expert under section 158, the Magistrate may  direct by whom the costs of",see_also,BNSS_2023
BNSS_2023_s160,BNSS_2023_s155,".—(1) When an  order has been made absolute under section 155 or section 157, the Magistrate shall give notice",see_also,BNSS_2023
BNSS_2023_s160,BNSS_2023_s157,"order has been made absolute under section 155 or section 157, the Magistrate shall give notice of the same  to",see_also,BNSS_2023
BNSS_2023_s160,BNSS_2023_s223,"e, he shall  be liable to the penalty provided by section 223 of the Bharatiya Nyaya Sanhita, 2023.  (2) If suc",see_also,BNSS_2023
BNSS_2023_s160,BNS_2023_s223,"e, he shall  be liable to the penalty provided by section 223 of the Bharatiya Nyaya Sanhita, 2023.  (2) If such act is not performed within t",cross_act,BNS_2023
BNSS_2023_s161,BNSS_2023_s152,nquiry.—(1) If a Magistrate making an order under section 152 considers  that immediate measures should be take,see_also,BNSS_2023
BNSS_2023_s163,BNSS_2023_s153,"of the case and served in the manner provided by section 153, direct any  person to abstain from a certain act",see_also,BNSS_2023
BNSS_2023_s164,BNSS_2023_s126,ion of powers of the Magistrate to proceed  under section 126.,see_also,BNSS_2023
BNSS_2023_s165,BNSS_2023_s164,"istrate at any time  after making the order under sub-section (1) of section 164 considers the case to be one of emergency, or  if",see_also,BNSS_2023
BNSS_2023_s165,BNSS_2023_s164,"was then in such possession as is referred to in section 164, or if he is  unable to satisfy himself as to whi",see_also,BNSS_2023
BNSS_2023_s166,BNSS_2023_s164,"n ""land or water"" has the meaning  given to it in sub-section (2) of section 164.  (2) The Magistrate shall peruse the statements",see_also,BNSS_2023
BNSS_2023_s166,BNSS_2023_s164,"whether such right exists; and the provisions of  section 164 shall, so far as may be, apply in the case of suc",see_also,BNSS_2023
BNSS_2023_s166,BNSS_2023_s164,ipt.  (4) When in any proceedings commenced under sub-section (1) of section 164 the Magistrate finds that  the dispute is as rega,see_also,BNSS_2023
BNSS_2023_s166,BNSS_2023_s164,"inds that the dispute should be dealt with  under section 164, he may, after recording his reasons, continue wi",see_also,BNSS_2023
BNSS_2023_s166,BNSS_2023_s164,proceedings as if they had been  commenced under sub-section (1) of section 164.,see_also,BNSS_2023
BNSS_2023_s167,BNSS_2023_s164,"a local inquiry is necessary for the purposes of section 164, section  165 or section 166, a District Magistra",see_also,BNSS_2023
BNSS_2023_s167,BNSS_2023_s165,"iry is necessary for the purposes of section 164, section  165 or section 166, a District Magistrate or Sub-divi",see_also,BNSS_2023
BNSS_2023_s167,BNSS_2023_s166,"for the purposes of section 164, section  165 or section 166, a District Magistrate or Sub-divisional Magistra",see_also,BNSS_2023
BNSS_2023_s167,BNSS_2023_s164,"been incurred by any party to a proceeding under section 164, section 165 or  section 166, the Magistrate pass",see_also,BNSS_2023
BNSS_2023_s167,BNSS_2023_s165,"d by any party to a proceeding under section 164, section 165 or  section 166, the Magistrate passing a decisio",see_also,BNSS_2023
BNSS_2023_s167,BNSS_2023_s166,"o a proceeding under section 164, section 165 or  section 166, the Magistrate passing a decision may direct by",see_also,BNSS_2023
BNSS_2023_s173,BNSS_2023_s64,"given by the woman against whom an offence under section 64,  section 65, section 66, section 67, section 68,",see_also,BNSS_2023
BNSS_2023_s173,BNSS_2023_s65,"woman against whom an offence under section 64,  section 65, section 66, section 67, section 68, section 69,",see_also,BNSS_2023
BNSS_2023_s173,BNSS_2023_s66,"st whom an offence under section 64,  section 65, section 66, section 67, section 68, section 69, section 70,",see_also,BNSS_2023
BNSS_2023_s173,BNSS_2023_s67,"ffence under section 64,  section 65, section 66, section 67, section 68, section 69, section 70, section 71,",see_also,BNSS_2023
BNSS_2023_s173,BNSS_2023_s68,"section 64,  section 65, section 66, section 67, section 68, section 69, section 70, section 71, section 74,",see_also,BNSS_2023
BNSS_2023_s173,BNSS_2023_s69,"section 65, section 66, section 67, section 68, section 69, section 70, section 71, section 74, section 75,",see_also,BNSS_2023
BNSS_2023_s173,BNSS_2023_s70,", section 66, section 67, section 68, section 69, section 70, section 71, section 74, section 75,  section 76,",see_also,BNSS_2023
BNSS_2023_s173,BNSS_2023_s71,", section 67, section 68, section 69, section 70, section 71, section 74, section 75,  section 76, section 77,",see_also,BNSS_2023
BNSS_2023_s173,BNSS_2023_s74,", section 68, section 69, section 70, section 71, section 74, section 75,  section 76, section 77, section 78,",see_also,BNSS_2023
BNSS_2023_s173,BNSS_2023_s75,", section 69, section 70, section 71, section 74, section 75,  section 76, section 77, section 78, section 79",see_also,BNSS_2023
BNSS_2023_s173,BNSS_2023_s76,"section 70, section 71, section 74, section 75,  section 76, section 77, section 78, section 79 or section 12",see_also,BNSS_2023
BNSS_2023_s173,BNSS_2023_s77,"section 71, section 74, section 75,  section 76, section 77, section 78, section 79 or section 124 of the Bha",see_also,BNSS_2023
BNSS_2023_s173,BNSS_2023_s78,"section 74, section 75,  section 76, section 77, section 78, section 79 or section 124 of the Bharatiya Nyaya",see_also,BNSS_2023
BNSS_2023_s173,BNSS_2023_s79,"section 75,  section 76, section 77, section 78, section 79 or section 124 of the Bharatiya Nyaya Sanhita, 20",see_also,BNSS_2023
BNSS_2023_s173,BNSS_2023_s124,"section 76, section 77, section 78, section 79 or section 124 of the Bharatiya Nyaya Sanhita, 2023 is alleged",see_also,BNSS_2023
BNSS_2023_s173,BNSS_2023_s64,"ent that the person against whom an offence under section 64, section 65, section 66,  section 67, section 68,",see_also,BNSS_2023
BNSS_2023_s173,BNSS_2023_s65,"person against whom an offence under section 64, section 65, section 66,  section 67, section 68, section 69,",see_also,BNSS_2023
BNSS_2023_s173,BNSS_2023_s66,"nst whom an offence under section 64, section 65, section 66,  section 67, section 68, section 69, section 70,",see_also,BNSS_2023
BNSS_2023_s173,BNSS_2023_s67,"ffence under section 64, section 65, section 66,  section 67, section 68, section 69, section 70, section 71,",see_also,BNSS_2023
BNSS_2023_s173,BNSS_2023_s68,"section 64, section 65, section 66,  section 67, section 68, section 69, section 70, section 71, section 74,",see_also,BNSS_2023
BNSS_2023_s173,BNSS_2023_s69,"section 65, section 66,  section 67, section 68, section 69, section 70, section 71, section 74, section 75,",see_also,BNSS_2023
BNSS_2023_s173,BNSS_2023_s70,"section 66,  section 67, section 68, section 69, section 70, section 71, section 74, section 75, section 76,",see_also,BNSS_2023
BNSS_2023_s173,BNSS_2023_s71,"section 67, section 68, section 69, section 70, section 71, section 74, section 75, section 76, section 77,",see_also,BNSS_2023
BNSS_2023_s173,BNSS_2023_s74,", section 68, section 69, section 70, section 71, section 74, section 75, section 76, section 77,  section 78,",see_also,BNSS_2023
BNSS_2023_s173,BNSS_2023_s75,", section 69, section 70, section 71, section 74, section 75, section 76, section 77,  section 78, section 79",see_also,BNSS_2023
BNSS_2023_s173,BNSS_2023_s76,", section 70, section 71, section 74, section 75, section 76, section 77,  section 78, section 79 or section 1",see_also,BNSS_2023
BNSS_2023_s173,BNSS_2023_s77,", section 71, section 74, section 75, section 76, section 77,  section 78, section 79 or section 124 of the Bh",see_also,BNSS_2023
BNSS_2023_s173,BNSS_2023_s78,"section 74, section 75, section 76, section 77,  section 78, section 79 or section 124 of the Bharatiya Nyaya",see_also,BNSS_2023
BNSS_2023_s173,BNSS_2023_s79,"section 75, section 76, section 77,  section 78, section 79 or section 124 of the Bharatiya Nyaya Sanhita, 20",see_also,BNSS_2023
BNSS_2023_s173,BNSS_2023_s124,"ection 76, section 77,  section 78, section 79 or section 124 of the Bharatiya Nyaya Sanhita, 2023 is alleged t",see_also,BNSS_2023
BNSS_2023_s173,BNSS_2023_s183,son recorded by a Magistrate under clause (a)  of sub-section (6) of section 183 as soon as possible.  (2) A copy of the informati,see_also,BNSS_2023
BNSS_2023_s173,BNSS_2023_s175,"Without prejudice to the provisions contained in section 175, on receipt of information relating to  the commi",see_also,BNSS_2023
BNSS_2023_s173,BNS_2023_s124,"section 76, section 77, section 78, section 79 or section 124 of the Bharatiya Nyaya Sanhita, 2023 is alleged  to have been committed or attem",cross_act,BNS_2023
BNSS_2023_s173,BNS_2023_s124,"ection 76, section 77,  section 78, section 79 or section 124 of the Bharatiya Nyaya Sanhita, 2023 is alleged to have been  committed or attem",cross_act,BNS_2023
BNSS_2023_s175,BNSS_2023_s210,"investigate.  (3) Any Magistrate empowered under section 210 may, after considering the application supported",see_also,BNSS_2023
BNSS_2023_s175,BNSS_2023_s173,"application supported by  an affidavit made under sub-section (4) of section 173, and after making such inquiry as he thinks neces",see_also,BNSS_2023
BNSS_2023_s175,BNSS_2023_s210,"ve-mentioned.  (4) Any Magistrate empowered under section 210, may, upon receiving a complaint against a public",see_also,BNSS_2023
BNSS_2023_s176,BNSS_2023_s175,"ission of an offence which he is empowered under  section 175 to investigate, he shall forthwith send a report",see_also,BNSS_2023
BNSS_2023_s177,BNSS_2023_s176,"tted.—(1) Every report sent to a Magistrate under section 176 shall, if the State  Government so directs, be su",see_also,BNSS_2023
BNSS_2023_s178,BNSS_2023_s176,"iry.—The Magistrate, on receiving a report  under section 176, may direct an investigation, or, if he thinks fi",see_also,BNSS_2023
BNSS_2023_s180,BNSS_2023_s64,"tatement of a woman against whom an offence under section 64, section 65,  section 66, section 67, section 68,",see_also,BNSS_2023
BNSS_2023_s180,BNSS_2023_s65,"a woman against whom an offence under section 64, section 65,  section 66, section 67, section 68, section 69,",see_also,BNSS_2023
BNSS_2023_s180,BNSS_2023_s66,"st whom an offence under section 64, section 65,  section 66, section 67, section 68, section 69, section 70,",see_also,BNSS_2023
BNSS_2023_s180,BNSS_2023_s67,"ffence under section 64, section 65,  section 66, section 67, section 68, section 69, section 70, section 71,",see_also,BNSS_2023
BNSS_2023_s180,BNSS_2023_s68,"section 64, section 65,  section 66, section 67, section 68, section 69, section 70, section 71, section 74,",see_also,BNSS_2023
BNSS_2023_s180,BNSS_2023_s69,"section 65,  section 66, section 67, section 68, section 69, section 70, section 71, section 74, section 75,",see_also,BNSS_2023
BNSS_2023_s180,BNSS_2023_s70,"section 66, section 67, section 68, section 69, section 70, section 71, section 74, section 75, section 76,",see_also,BNSS_2023
BNSS_2023_s180,BNSS_2023_s71,", section 67, section 68, section 69, section 70, section 71, section 74, section 75, section 76,  section 77,",see_also,BNSS_2023
BNSS_2023_s180,BNSS_2023_s74,", section 68, section 69, section 70, section 71, section 74, section 75, section 76,  section 77, section 78,",see_also,BNSS_2023
BNSS_2023_s180,BNSS_2023_s75,", section 69, section 70, section 71, section 74, section 75, section 76,  section 77, section 78, section 79",see_also,BNSS_2023
BNSS_2023_s180,BNSS_2023_s76,", section 70, section 71, section 74, section 75, section 76,  section 77, section 78, section 79 or section 1",see_also,BNSS_2023
BNSS_2023_s180,BNSS_2023_s77,"section 71, section 74, section 75, section 76,  section 77, section 78, section 79 or section 124 of the Bha",see_also,BNSS_2023
BNSS_2023_s180,BNSS_2023_s78,"section 74, section 75, section 76,  section 77, section 78, section 79 or section 124 of the Bharatiya Nyaya",see_also,BNSS_2023
BNSS_2023_s180,BNSS_2023_s79,"section 75, section 76,  section 77, section 78, section 79 or section 124 of the Bharatiya Nyaya Sanhita, 20",see_also,BNSS_2023
BNSS_2023_s180,BNSS_2023_s124,"ection 76,  section 77, section 78, section 79 or section 124 of the Bharatiya Nyaya Sanhita, 2023 is alleged t",see_also,BNSS_2023
BNSS_2023_s180,BNS_2023_s124,"ection 76,  section 77, section 78, section 79 or section 124 of the Bharatiya Nyaya Sanhita, 2023 is alleged to have  been committed or attem",cross_act,BNS_2023
BNSS_2023_s181,BNSS_2023_s148,"ontradict such witness in the manner  provided by section 148 of the Bharatiya Sakshya Adhiniyam, 2023; and whe",see_also,BNSS_2023
BNSS_2023_s181,BNSS_2023_s26,"t falling within the provisions of  clause (a) of section 26 of the Bharatiya Sakshya Adhiniyam, 2023; or to a",see_also,BNSS_2023
BNSS_2023_s181,BNSS_2023_s23,3; or to affect the provisions of the proviso  to sub-section (2) of section 23 of that Adhiniyam.  Explanation.—An omission to s,see_also,BNSS_2023
BNSS_2023_s181,BSA_2023_s148,"ontradict such witness in the manner  provided by section 148 of the Bharatiya Sakshya Adhiniyam, 2023; and when any part of such statement  is so",cross_act,BSA_2023
BNSS_2023_s181,BSA_2023_s26,"t falling within the provisions of  clause (a) of section 26 of the Bharatiya Sakshya Adhiniyam, 2023; or to affect the provisions of the proviso",cross_act,BSA_2023
BNSS_2023_s182,BNSS_2023_s22,"inducement, threat or promise as is mentioned in  section 22 of the Bharatiya Sakshya Adhiniyam, 2023.  (2) Bu",see_also,BNSS_2023
BNSS_2023_s182,BNSS_2023_s183,n this sub-section shall affect the provisions of sub-section (4) of section 183.,see_also,BNSS_2023
BNSS_2023_s182,BSA_2023_s22,"inducement, threat or promise as is mentioned in  section 22 of the Bharatiya Sakshya Adhiniyam, 2023.  (2) But no police officer or other person",cross_act,BSA_2023
BNSS_2023_s183,BNSS_2023_s316,ssion shall be recorded in the manner provided in section 316 for recording the  examination of an accused pers,see_also,BNSS_2023
BNSS_2023_s183,BNSS_2023_s64,"s so recorded.  (6) (a) In cases punishable under section 64, section 65, section 66, section 67, section 68,",see_also,BNSS_2023
BNSS_2023_s183,BNSS_2023_s65,"d.  (6) (a) In cases punishable under section 64, section 65, section 66, section 67, section 68, section 69,",see_also,BNSS_2023
BNSS_2023_s183,BNSS_2023_s66,"In cases punishable under section 64, section 65, section 66, section 67, section 68, section 69,  section 70,",see_also,BNSS_2023
BNSS_2023_s183,BNSS_2023_s67,"ishable under section 64, section 65, section 66, section 67, section 68, section 69,  section 70, section 71,",see_also,BNSS_2023
BNSS_2023_s183,BNSS_2023_s68,"r section 64, section 65, section 66, section 67, section 68, section 69,  section 70, section 71, section 74,",see_also,BNSS_2023
BNSS_2023_s183,BNSS_2023_s69,", section 65, section 66, section 67, section 68, section 69,  section 70, section 71, section 74, section 75,",see_also,BNSS_2023
BNSS_2023_s183,BNSS_2023_s70,"section 66, section 67, section 68, section 69,  section 70, section 71, section 74, section 75, section 76,",see_also,BNSS_2023
BNSS_2023_s183,BNSS_2023_s71,"section 67, section 68, section 69,  section 70, section 71, section 74, section 75, section 76, section 77,",see_also,BNSS_2023
BNSS_2023_s183,BNSS_2023_s74,"section 68, section 69,  section 70, section 71, section 74, section 75, section 76, section 77, section 78,",see_also,BNSS_2023
BNSS_2023_s183,BNSS_2023_s75,"section 69,  section 70, section 71, section 74, section 75, section 76, section 77, section 78, section 79 o",see_also,BNSS_2023
BNSS_2023_s183,BNSS_2023_s76,"section 70, section 71, section 74, section 75, section 76, section 77, section 78, section 79 or section 12",see_also,BNSS_2023
BNSS_2023_s183,BNSS_2023_s77,", section 71, section 74, section 75, section 76, section 77, section 78, section 79 or section 124  of the Bh",see_also,BNSS_2023
BNSS_2023_s183,BNSS_2023_s78,", section 74, section 75, section 76, section 77, section 78, section 79 or section 124  of the Bharatiya Nyay",see_also,BNSS_2023
BNSS_2023_s183,BNSS_2023_s79,", section 75, section 76, section 77, section 78, section 79 or section 124  of the Bharatiya Nyaya Sanhita, 2",see_also,BNSS_2023
BNSS_2023_s183,BNSS_2023_s124,"section 76, section 77, section 78, section 79 or section 124  of the Bharatiya Nyaya Sanhita, 2023, the Magist",see_also,BNSS_2023
BNSS_2023_s183,BNSS_2023_s142,"in lieu of examination-in-chief, as specified in section  142 of the Bharatiya Sakshya Adhiniyam, 2023 such tha",see_also,BNSS_2023
BNSS_2023_s183,BNS_2023_s124,"section 76, section 77, section 78, section 79 or section 124  of the Bharatiya Nyaya Sanhita, 2023, the Magistrate shall record the statement",cross_act,BNS_2023
BNSS_2023_s183,BSA_2023_s142,"in lieu of examination-in-chief, as specified in section  142 of the Bharatiya Sakshya Adhiniyam, 2023 such that the maker of the statement can be",cross_act,BSA_2023
BNSS_2023_s184,BNSS_2023_s193,shall forward it to the Magistrate referred to in section 193 as part of the  documents referred to in clause (,see_also,BNSS_2023
BNSS_2023_s184,BNSS_2023_s51,same meanings as respectively assigned to them in section 51.,see_also,BNSS_2023
BNSS_2023_s195,BNSS_2023_s194,"on persons.—(1) A police officer proceeding under section 194 may, by order in  writing, summon two or more per",see_also,BNSS_2023
BNSS_2023_s195,BNSS_2023_s190,"cts do not disclose a cognizable offence to which section 190 applies, such persons shall not  be required by t",see_also,BNSS_2023
BNSS_2023_s196,BNSS_2023_s194,"ture referred to in  clause (i) or clause (ii) of sub-section (3) of section 194, the nearest Magistrate empowered to hold inquest",see_also,BNSS_2023
BNSS_2023_s196,BNSS_2023_s194,"quests  shall, and in any other case mentioned in sub-section (1) of section 194, any Magistrate so empowered may  hold an inquiry",see_also,BNSS_2023
BNSS_2023_s202,BNSS_2023_s82,"accused person.  (2) Any offence punishable under section 82 of the Bharatiya Nyaya Sanhita, 2023 may be inqui",see_also,BNSS_2023
BNSS_2023_s202,BNS_2023_s82,"accused person.  (2) Any offence punishable under section 82 of the Bharatiya Nyaya Sanhita, 2023 may be inquired  into or tried by a Court w",cross_act,BNS_2023
BNSS_2023_s204,BNSS_2023_s242,"each such offence by virtue of the provisions of section 242, section 243 or section 244; or  (b) the offence",see_also,BNSS_2023
BNSS_2023_s204,BNSS_2023_s243,"fence by virtue of the provisions of section 242, section 243 or section 244; or  (b) the offence or offences c",see_also,BNSS_2023
BNSS_2023_s204,BNSS_2023_s244,"of the provisions of section 242, section 243 or section 244; or  (b) the offence or offences committed by sev",see_also,BNSS_2023
BNSS_2023_s204,BNSS_2023_s246,"and tried together by virtue of the provisions of section 246, the offences may be inquired into or tried  by a",see_also,BNSS_2023
BNSS_2023_s216,BNSS_2023_s232,"file a  complaint in relation to an offence under section 232 of the Bharatiya Nyaya Sanhita, 2023.",see_also,BNSS_2023
BNSS_2023_s216,BNS_2023_s232,"file a  complaint in relation to an offence under section 232 of the Bharatiya Nyaya Sanhita, 2023.",cross_act,BNS_2023
BNSS_2023_s217,BNSS_2023_s196,"any offence punishable under Chapter VII or under section 196, section 299 or sub-section (1)  of section 353 o",see_also,BNSS_2023
BNSS_2023_s217,BNSS_2023_s299,"unishable under Chapter VII or under section 196, section 299 or sub-section (1)  of section 353 of the Bharati",see_also,BNSS_2023
BNSS_2023_s217,BNSS_2023_s353,"Chapter VII or under section 196, section 299 or sub-section (1)  of section 353 of the Bharatiya Nyaya Sanhita, 2023; or  (b) a c",see_also,BNSS_2023
BNSS_2023_s217,BNSS_2023_s47,"ce; or  (c) any such abetment, as is described in section 47 of the Bharatiya Nyaya Sanhita, 2023, except  wit",see_also,BNSS_2023
BNSS_2023_s217,BNSS_2023_s197,cognizance of—  (a) any offence punishable under section 197 or sub-section (2) or sub-section (3) of section,see_also,BNSS_2023
BNSS_2023_s217,BNSS_2023_s353,"unishable under section 197 or sub-section (2) or sub-section (3) of section 353  of the Bharatiya Nyaya Sanhita, 2023; or  (b) a",see_also,BNSS_2023
BNSS_2023_s217,BNSS_2023_s61,"ence of any criminal conspiracy punishable under  sub-section (2) of section 61 of the Bharatiya Nyaya Sanhita, 2023, other than",see_also,BNSS_2023
BNSS_2023_s217,BNSS_2023_s215,"inal conspiracy is one to which the provisions of section 215 apply, no  such consent shall be necessary.  (4)",see_also,BNSS_2023
BNSS_2023_s217,BNSS_2023_s174,lice officer shall have the powers referred to in sub-section (3) of section 174.,see_also,BNSS_2023
BNSS_2023_s217,BNS_2023_s353,"r section 196, section 299 or sub-section (1)  of section 353 of the Bharatiya Nyaya Sanhita, 2023; or  (b) a criminal conspiracy to commit su",cross_act,BNS_2023
BNSS_2023_s217,BNS_2023_s47,"ce; or  (c) any such abetment, as is described in section 47 of the Bharatiya Nyaya Sanhita, 2023, except  with the previous sanction of the",cross_act,BNS_2023
BNSS_2023_s217,BNS_2023_s353,"tion 197 or sub-section (2) or sub-section (3) of section 353  of the Bharatiya Nyaya Sanhita, 2023; or  (b) a criminal conspiracy to commit su",cross_act,BNS_2023
BNSS_2023_s217,BNS_2023_s61,"l conspiracy punishable under  sub-section (2) of section 61 of the Bharatiya Nyaya Sanhita, 2023, other than a criminal conspiracy to  commi",cross_act,BNS_2023
BNSS_2023_s218,BNSS_2023_s64,"o Court shall take cognizance of an offence under section 64 of the Bharatiya Nyaya Sanhita,  2023, where such",see_also,BNSS_2023
BNSS_2023_s218,BNS_2023_s64,"o Court shall take cognizance of an offence under section 64 of the Bharatiya Nyaya Sanhita,  2023, where such offence consists of sexual int",cross_act,BNS_2023
BNSS_2023_s218,CONST_1950_Art356,"d while a Proclamation issued under clause (1) of article 356 of the Constitution was in force in a  State, clause (b) will apply a",cross_act,CONST_1950
BNSS_2023_s220,BNSS_2023_s85,"Prosecution of offences under section 85 of Bharatiya Nyaya Sanhita, 2023.— No Court shall",see_also,BNSS_2023
BNSS_2023_s220,BNSS_2023_s85,"l  take cognizance of an offence punishable under section 85 of the Bharatiya Nyaya Sanhita, 2023 except  upon",see_also,BNSS_2023
BNSS_2023_s220,BNS_2023_s85,"l  take cognizance of an offence punishable under section 85 of the Bharatiya Nyaya Sanhita, 2023 except  upon a police report of facts which",cross_act,BNS_2023
BNSS_2023_s221,BNSS_2023_s67,"l take cognizance of an offence punishable under  section 67 of the Bharatiya Nyaya Sanhita, 2023 where the pe",see_also,BNSS_2023
BNSS_2023_s221,BNS_2023_s67,"l take cognizance of an offence punishable under  section 67 of the Bharatiya Nyaya Sanhita, 2023 where the persons are in a marital relation",cross_act,BNS_2023
BNSS_2023_s222,BNSS_2023_s356,"l take cognizance of an offence punishable under  section 356 of the Bharatiya Nyaya Sanhita, 2023 except upon",see_also,BNSS_2023
BNSS_2023_s222,BNSS_2023_s356,"d in this Sanhita, when any offence falling under section 356 of  such commission, is the President of India, t",see_also,BNSS_2023
BNSS_2023_s222,BNS_2023_s356,"l take cognizance of an offence punishable under  section 356 of the Bharatiya Nyaya Sanhita, 2023 except upon a complaint made by some person",cross_act,BNS_2023
BNSS_2023_s223,BNSS_2023_s212,for inquiry or trial to another Magistrate under  section 212:  Provided also that if the Magistrate makes over,see_also,BNSS_2023
BNSS_2023_s223,BNSS_2023_s212,e makes over the case to another Magistrate under section 212 after  examining the complainant and the witnesse,see_also,BNSS_2023
BNSS_2023_s225,BNSS_2023_s212,"gnizance or which has been made over to him under section 212, may,  if he thinks fit, and shall, in a case whe",see_also,BNSS_2023
BNSS_2023_s225,BNSS_2023_s223,"present (if any) have been examined on oath under section 223.  (2) In an inquiry under sub-section (1), the Ma",see_also,BNSS_2023
BNSS_2023_s226,BNSS_2023_s225,"lt of the inquiry or investigation (if any) under section 225, the Magistrate  is of opinion that there is no s",see_also,BNSS_2023
BNSS_2023_s227,BNSS_2023_s90,ction shall be deemed to affect the provisions of section 90.,see_also,BNSS_2023
BNSS_2023_s229,BNSS_2023_s283,"ence, the case may be summarily disposed of under section 283 or section 284, the  Magistrate shall, except whe",see_also,BNSS_2023
BNSS_2023_s229,BNSS_2023_s284,"may be summarily disposed of under section 283 or section 284, the  Magistrate shall, except where he is, for r",see_also,BNSS_2023
BNSS_2023_s229,BNSS_2023_s359,lation to any offence which is compoundable under section 359  or any offence punishable with imprisonment for,see_also,BNSS_2023
BNSS_2023_s230,BNSS_2023_s173,(ii) the first information report recorded under section 173;  (iii) the statements recorded under sub-section,see_also,BNSS_2023
BNSS_2023_s230,BNSS_2023_s180,section 173;  (iii) the statements recorded under sub-section (3) of section 180 of all persons whom the  prosecution proposes to,see_also,BNSS_2023
BNSS_2023_s230,BNSS_2023_s193,"clusion has been made by the police officer under sub-section (7) of section 193;  (iv) the confessions and statements, if any, re",see_also,BNSS_2023
BNSS_2023_s230,BNSS_2023_s183,"onfessions and statements, if any, recorded under section 183;  (v) any other document or relevant extract ther",see_also,BNSS_2023
BNSS_2023_s230,BNSS_2023_s193,"d to the Magistrate with the police report  under sub-section (6) of section 193:  Provided that the Magistrate may, after perusin",see_also,BNSS_2023
BNSS_2023_s231,BNSS_2023_s227,appears to the Magistrate issuing  process under section 227 that the offence is triable exclusively by the Co,see_also,BNSS_2023
BNSS_2023_s242,BNSS_2023_s303,"oses of this section, an offence punishable under sub-section (2) of  section 303 of the Bharatiya Nyaya Sanhita, 2023 shall be dee",see_also,BNSS_2023
BNSS_2023_s242,BNSS_2023_s305,"of the same kind as an  offence punishable under section 305 of the said Sanhita, and that an offence punishab",see_also,BNSS_2023
BNSS_2023_s242,BNS_2023_s303,", an offence punishable under sub-section (2) of  section 303 of the Bharatiya Nyaya Sanhita, 2023 shall be deemed to be an offence of the sam",cross_act,BNS_2023
BNSS_2023_s243,BNSS_2023_s235,"nest  misappropriation of property as provided in sub-section (2) of section 235 or in sub-section (1) of  section 242, is accused",see_also,BNSS_2023
BNSS_2023_s243,BNSS_2023_s242,"provided in sub-section (2) of section 235 or in sub-section (1) of  section 242, is accused of committing, for the purpose of fac",see_also,BNSS_2023
BNSS_2023_s243,BNSS_2023_s9,"5) Nothing contained in this section shall affect section 9 of the Bharatiya Nyaya Sanhita, 2023.  Illustrati",see_also,BNSS_2023
BNSS_2023_s243,BNSS_2023_s121,"be charged with, and convicted of, offences under sub-section (2) of  section 121 and section 263 of the Bharatiya Nyaya Sanhita, 2",see_also,BNSS_2023
BNSS_2023_s243,BNSS_2023_s263,"ffences under sub-section (2) of  section 121 and section 263 of the Bharatiya Nyaya Sanhita, 2023.  (b) A comm",see_also,BNSS_2023
BNSS_2023_s243,BNSS_2023_s64,"ly charged with, and convicted of, offences under section 64 and subsection (3) of section 331 of the Bharatiy",see_also,BNSS_2023
BNSS_2023_s243,BNSS_2023_s331,", offences under section 64 and subsection (3) of section 331 of the Bharatiya Nyaya Sanhita, 2023.  (c) A has",see_also,BNSS_2023
BNSS_2023_s243,BNSS_2023_s337,"of committing several forgeries punishable under section 337 of the Bharatiya Nyaya Sanhita,",see_also,BNSS_2023
BNSS_2023_s243,BNS_2023_s9,"5) Nothing contained in this section shall affect section 9 of the Bharatiya Nyaya Sanhita, 2023.  Illustrations to sub-section (1)  (a) A r",cross_act,BNS_2023
BNSS_2023_s243,BNS_2023_s263,"ffences under sub-section (2) of  section 121 and section 263 of the Bharatiya Nyaya Sanhita, 2023.  (b) A commits house-breaking by day with",cross_act,BNS_2023
BNSS_2023_s243,BNS_2023_s331,", offences under section 64 and subsection (3) of section 331 of the Bharatiya Nyaya Sanhita, 2023.  (c) A has in his possession several seals",cross_act,BNS_2023
BNSS_2023_s243,BNS_2023_s337,"of committing several forgeries punishable under section 337 of the Bharatiya Nyaya Sanhita,",cross_act,BNS_2023
BNSS_2023_s2023,BNSS_2023_s341,"convicted of, the possession of each seal under  sub-section (2) of section 341 of the Bharatiya Nyaya Sanhita, 2023.  (d) With i",see_also,BNSS_2023
BNSS_2023_s2023,BNSS_2023_s248,"arged with, and  convicted of, two offences under section 248 of the Bharatiya Nyaya Sanhita, 2023.  (e) A, wit",see_also,BNSS_2023
BNSS_2023_s2023,BNS_2023_s341,"possession of each seal under  sub-section (2) of section 341 of the Bharatiya Nyaya Sanhita, 2023.  (d) With intent to cause injury to B, A i",cross_act,BNS_2023
BNSS_2023_s2023,BNS_2023_s248,"arged with, and  convicted of, two offences under section 248 of the Bharatiya Nyaya Sanhita, 2023.  (e) A, with intent to cause injury to B,",cross_act,BNS_2023
BNSS_2023_s249,BNSS_2023_s232,", in  pursuance of a commitment of the case under section 232, or under any other law for the time being in  fo",see_also,BNSS_2023
BNSS_2023_s250,BNSS_2023_s232,"ys  from the date of commitment of the case under section 232.  (2) If, upon consideration of the record of the",see_also,BNSS_2023
BNSS_2023_s253,BNSS_2023_s252,"or claims to  be tried or is not convicted under section 252, the Judge shall fix a date for the examination o",see_also,BNSS_2023
BNSS_2023_s256,BNSS_2023_s255,"nce.—(1) Where the accused is not acquitted under section 255, he shall be  called upon to enter on his defence",see_also,BNSS_2023
BNSS_2023_s258,BNSS_2023_s401,"he proceeds in accordance with the provisions of  section 401, hear the accused on the questions of sentence, a",see_also,BNSS_2023
BNSS_2023_s259,BNSS_2023_s234,"us conviction is charged under the provisions of  sub-section (7) of section 234, and the accused does not admit that he has been",see_also,BNSS_2023
BNSS_2023_s259,BNSS_2023_s252,"ay, after he has convicted the said accused under section 252 or section  258, take evidence in respect of the",see_also,BNSS_2023
BNSS_2023_s259,BNSS_2023_s258,"s convicted the said accused under section 252 or section  258, take evidence in respect of the alleged previous",see_also,BNSS_2023
BNSS_2023_s259,BNSS_2023_s252,ss and until the accused has been convicted under section 252 or section 258.,see_also,BNSS_2023
BNSS_2023_s259,BNSS_2023_s258,e accused has been convicted under section 252 or section 258.,see_also,BNSS_2023
BNSS_2023_s260,BNSS_2023_s222,Procedure in cases instituted under sub-section (2) of section 222.—(1) A Court of Session  taking cognizance of an,see_also,BNSS_2023
BNSS_2023_s260,BNSS_2023_s222,of Session  taking cognizance of an offence under sub-section (2) of section 222 shall try the case in accordance with  the proced,see_also,BNSS_2023
BNSS_2023_s261,BNSS_2023_s230,"Compliance with section 230.—When, in any warrant-case instituted on a police",see_also,BNSS_2023
BNSS_2023_s261,BNSS_2023_s230,mself that he has complied with the provisions of section 230.,see_also,BNSS_2023
BNSS_2023_s262,BNSS_2023_s230,"m the date of supply of copies of documents under section 230.  (2) If, upon considering the police report and",see_also,BNSS_2023
BNSS_2023_s262,BNSS_2023_s193,"olice report and the documents sent with it under section 193 and making  such examination, if any, of the accu",see_also,BNSS_2023
BNSS_2023_s265,BNSS_2023_s264,"the Magistrate does not convict the accused under section 264, the Magistrate shall fix a date for  the examina",see_also,BNSS_2023
BNSS_2023_s268,BNSS_2023_s267,"If, upon taking all the evidence referred to in  section 267, the Magistrate considers, for reasons to be reco",see_also,BNSS_2023
BNSS_2023_s273,BNSS_2023_s8,"prisoned under sub-section (3), the provisions of sub-section (6) of  section 8 of the Bharatiya Nyaya Sanhita, 2023 shall, so fa",see_also,BNSS_2023
BNSS_2023_s273,BNS_2023_s8,"ection (3), the provisions of sub-section (6) of  section 8 of the Bharatiya Nyaya Sanhita, 2023 shall, so far as may be, apply.  (5) No per",cross_act,BNS_2023
BNSS_2023_s276,BNSS_2023_s229,cases.—(1) Where a summons has  been issued under section 229 and the accused desires to plead guilty to the ch,see_also,BNSS_2023
BNSS_2023_s277,BNSS_2023_s275,"the Magistrate does not convict the accused under section  275 or section 276, the Magistrate shall proceed to h",see_also,BNSS_2023
BNSS_2023_s277,BNSS_2023_s276,"oes not convict the accused under section  275 or section 276, the Magistrate shall proceed to hear the prosecu",see_also,BNSS_2023
BNSS_2023_s278,BNSS_2023_s277,"istrate, upon taking the evidence referred to in  section 277 and such further evidence, if any, as he may, of",see_also,BNSS_2023
BNSS_2023_s278,BNSS_2023_s364,"not proceed in accordance with the provisions of section 364 or  section 401, he shall, if he finds the accuse",see_also,BNSS_2023
BNSS_2023_s278,BNSS_2023_s401,"accordance with the provisions of section 364 or  section 401, he shall, if he finds the accused guilty, pass s",see_also,BNSS_2023
BNSS_2023_s278,BNSS_2023_s275,"im according to law.  (3) A Magistrate may, under section 275 or section 278, convict the accused of any offenc",see_also,BNSS_2023
BNSS_2023_s278,BNSS_2023_s278,"law.  (3) A Magistrate may, under section 275 or section 278, convict the accused of any offence triable  unde",see_also,BNSS_2023
BNSS_2023_s291,BNSS_2023_s290,"lly satisfactory  disposition under clause (a) of sub-section (4) of section 290, the Court shall follow the following  procedure,",see_also,BNSS_2023
BNSS_2023_s299,BNSS_2023_s290,n an application for plea bargaining filed  under section 290 shall not be used for any other purpose except fo,see_also,BNSS_2023
BNSS_2023_s300,BNSS_2023_s2,all apply to any juvenile or child as  defined in section 2 of the Juvenile Justice (Care and Protection of C,see_also,BNSS_2023
BNSS_2023_s303,BNSS_2023_s302,ent to exclude certain persons from  operation of section 302.—(1) The State Government or the Central Governme,see_also,BNSS_2023
BNSS_2023_s303,BNSS_2023_s302,"s the order remains in force, no order made under section 302, whether  before or after the order of the State",see_also,BNSS_2023
BNSS_2023_s304,BNSS_2023_s302,person in respect of whom an order is made under section 302—  (a) is by reason of sickness or infirmity unfit,see_also,BNSS_2023
BNSS_2023_s304,BNSS_2023_s303,"State Government or the Central Government under  section 303 applies,  the officer in charge of the prison sha",see_also,BNSS_2023
BNSS_2023_s305,BNSS_2023_s304,"to Court in custody.—Subject to the provisions of section 304, the  officer in charge of the prison shall, upon",see_also,BNSS_2023
BNSS_2023_s305,BNSS_2023_s302,"rison shall, upon delivery of an order made under sub-section (1) of section 302  and duly countersigned, where necessary, under s",see_also,BNSS_2023
BNSS_2023_s306,BNSS_2023_s319,"ejudice to the power of the Court to issue, under section 319, a commission for  the examination, as a witness,",see_also,BNSS_2023
BNSS_2023_s313,BNSS_2023_s310,"—(1) As the evidence of each witness  taken under section 310 or section 311 is completed, it shall be read ove",see_also,BNSS_2023
BNSS_2023_s313,BNSS_2023_s311,"dence of each witness  taken under section 310 or section 311 is completed, it shall be read over to him in the",see_also,BNSS_2023
BNSS_2023_s323,BNSS_2023_s319,"commission.—(1) After any commission issued under section 319 has been duly  executed, it shall be returned, to",see_also,BNSS_2023
BNSS_2023_s323,BNSS_2023_s27,"aken, if it satisfies the conditions specified by section 27 of the Bharatiya  Sakshya Adhiniyam, 2023, may al",see_also,BNSS_2023
BNSS_2023_s337,BNSS_2023_s244,"one made against  him might have been made under sub-section (1) of section 244, or for which he might have been convicted  under",see_also,BNSS_2023
BNSS_2023_s337,BNSS_2023_s243,been made against him  at the former trial under sub-section (1) of section 243.  (3) A person convicted of any offence constitut,see_also,BNSS_2023
BNSS_2023_s337,BNSS_2023_s281,sequently charged.  (5) A person discharged under section 281 shall not be tried again for the same offence exc,see_also,BNSS_2023
BNSS_2023_s337,BNSS_2023_s26,"ng in this section shall affect the provisions of section 26 of the General Clauses Act, 1897  (10 of 1897) or",see_also,BNSS_2023
BNSS_2023_s337,BNSS_2023_s208,"the General Clauses Act, 1897  (10 of 1897) or of section 208 of this Sanhita.  Explanation.—The dismissal of a",see_also,BNSS_2023
BNSS_2023_s345,BNSS_2023_s343,"n  who has accepted a tender of pardon made under section 343 or section 344, the Public Prosecutor certifies",see_also,BNSS_2023
BNSS_2023_s345,BNSS_2023_s344,"pted a tender of pardon made under section 343 or section 344, the Public Prosecutor certifies  that in his opi",see_also,BNSS_2023
BNSS_2023_s345,BNSS_2023_s215,"ction of the High Court, and nothing contained in section 215 or section 379 shall apply to that  (2) Any state",see_also,BNSS_2023
BNSS_2023_s345,BNSS_2023_s379,"gh Court, and nothing contained in section 215 or section 379 shall apply to that  (2) Any statement made by su",see_also,BNSS_2023
BNSS_2023_s345,BNSS_2023_s183,der of pardon and recorded by a Magistrate  under section 183 or by a Court under sub-section (4) of section 34,see_also,BNSS_2023
BNSS_2023_s345,BNSS_2023_s343,Magistrate  under section 183 or by a Court under sub-section (4) of section 343 may be given in evidence against him  at such tri,see_also,BNSS_2023
BNSS_2023_s346,BNSS_2023_s64,"the inquiry or trial relates to an offence under section 64, section 65, section 66,  section 67, section 68,",see_also,BNSS_2023
BNSS_2023_s346,BNSS_2023_s65,"or trial relates to an offence under section 64, section 65, section 66,  section 67, section 68, section 70",see_also,BNSS_2023
BNSS_2023_s346,BNSS_2023_s66,"lates to an offence under section 64, section 65, section 66,  section 67, section 68, section 70 or section 7",see_also,BNSS_2023
BNSS_2023_s346,BNSS_2023_s67,"ffence under section 64, section 65, section 66,  section 67, section 68, section 70 or section 71 of the Bhar",see_also,BNSS_2023
BNSS_2023_s346,BNSS_2023_s68,"section 64, section 65, section 66,  section 67, section 68, section 70 or section 71 of the Bharatiya Nyaya",see_also,BNSS_2023
BNSS_2023_s346,BNSS_2023_s70,"section 65, section 66,  section 67, section 68, section 70 or section 71 of the Bharatiya Nyaya Sanhita, 202",see_also,BNSS_2023
BNSS_2023_s346,BNSS_2023_s71,"ection 66,  section 67, section 68, section 70 or section 71 of the Bharatiya Nyaya Sanhita, 2023 (45 of 2023)",see_also,BNSS_2023
BNSS_2023_s346,BNS_2023_s71,"ection 66,  section 67, section 68, section 70 or section 71 of the Bharatiya Nyaya Sanhita, 2023 (45 of 2023) the  inquiry or trial shall be",cross_act,BNS_2023
BNSS_2023_s353,BNSS_2023_s84,ns of this section to any absconder mentioned in  sub-section (1) of section 84.,see_also,BNSS_2023
BNSS_2023_s358,BNSS_2023_s442,g in the exercise of its powers of revision under section 442  may allow any person to compound any offence whi,see_also,BNSS_2023
BNSS_2023_s363,BNSS_2023_s262,"the Magistrate discharges such other person under section 262 or  section 268, as the case may be.",see_also,BNSS_2023
BNSS_2023_s363,BNSS_2023_s268,"ischarges such other person under section 262 or  section 268, as the case may be.",see_also,BNSS_2023
BNSS_2023_s364,BNSS_2023_s125,"be required to execute a bond or bail bond under section 125, he may record the opinion  and submit his procee",see_also,BNSS_2023
BNSS_2023_s365,BNSS_2023_s369,d and deal with  him in the manner provided under section 369:  Provided that if the Magistrate finds that a pr,see_also,BNSS_2023
BNSS_2023_s365,BNSS_2023_s369,er the accused to be dealt with as provided under section 369.  (5) If the Magistrate is informed that the pers,see_also,BNSS_2023
BNSS_2023_s365,BNSS_2023_s369,eal with the accused in the manner provided under section 369.,see_also,BNSS_2023
BNSS_2023_s368,BNSS_2023_s369,ed and deal with him in the manner provided under section 369:  Provided that if the Magistrate or Court finds,see_also,BNSS_2023
BNSS_2023_s368,BNSS_2023_s369,the accused to be dealt with in accordance with section 369.,see_also,BNSS_2023
BNSS_2023_s369,BNSS_2023_s367,n or trial.—(1) Whenever a person if  found under section 367 or section 368 to be incapable of entering defenc,see_also,BNSS_2023
BNSS_2023_s369,BNSS_2023_s368,Whenever a person if  found under section 367 or section 368 to be incapable of entering defence by reason of,see_also,BNSS_2023
BNSS_2023_s369,BNSS_2023_s367,0 of 2017).  (3) Whenever a person is found under section 367 or section 368 to be incapable of entering defenc,see_also,BNSS_2023
BNSS_2023_s369,BNSS_2023_s368,) Whenever a person is found under section 367 or section 368 to be incapable of entering defence  by reason of,see_also,BNSS_2023
BNSS_2023_s369,BNSS_2023_s367,"order discharge of the accused, as provided under section 367 or section 368, such  release may be ordered, if",see_also,BNSS_2023
BNSS_2023_s369,BNSS_2023_s368,"of the accused, as provided under section 367 or section 368, such  release may be ordered, if sufficient secu",see_also,BNSS_2023
BNSS_2023_s370,BNSS_2023_s367,"henever an inquiry or a trial is postponed under  section 367 or section 368, the Magistrate or Court, as the c",see_also,BNSS_2023
BNSS_2023_s370,BNSS_2023_s368,"iry or a trial is postponed under  section 367 or section 368, the Magistrate or Court, as the case may be, may",see_also,BNSS_2023
BNSS_2023_s370,BNSS_2023_s369,"rt.  (2) When the accused has been released under section 369, and the sureties for his appearance produce  him",see_also,BNSS_2023
BNSS_2023_s371,BNSS_2023_s367,"or Court shall act according to the provisions of section 367 or section 368, as the case may be,  and if the a",see_also,BNSS_2023
BNSS_2023_s371,BNSS_2023_s368,"act according to the provisions of section 367 or section 368, as the case may be,  and if the accused is found",see_also,BNSS_2023
BNSS_2023_s371,BNSS_2023_s369,such accused in accordance with the provisions of section 369.,see_also,BNSS_2023
BNSS_2023_s375,BNSS_2023_s369,ich a person is confined under the  provisions of section 369 or section 374 to discharge all or any of the fun,see_also,BNSS_2023
BNSS_2023_s375,BNSS_2023_s374,confined under the  provisions of section 369 or section 374 to discharge all or any of the functions of the I,see_also,BNSS_2023
BNSS_2023_s375,BNSS_2023_s376,ctions of the Inspector-General of  Prisons under section 376 or section 377.,see_also,BNSS_2023
BNSS_2023_s375,BNSS_2023_s377,nspector-General of  Prisons under section 376 or section 377.,see_also,BNSS_2023
BNSS_2023_s376,BNSS_2023_s369,"—If  a person is detained under the provisions of sub-section (2) of section 369, and in the case of a person  detained in a jail,",see_also,BNSS_2023
BNSS_2023_s376,BNSS_2023_s371,all deal with such person under the provisions of section 371; and  the certificate of such Inspector-General o,see_also,BNSS_2023
BNSS_2023_s377,BNSS_2023_s369,"If a  person is detained under the provisions of sub-section (2) of section 369, or section 374, and such InspectorGeneral or vis",see_also,BNSS_2023
BNSS_2023_s377,BNSS_2023_s374,"provisions of sub-section (2) of section 369, or section 374, and such InspectorGeneral or visitors shall cert",see_also,BNSS_2023
BNSS_2023_s378,BNSS_2023_s369,nd of any person detained under the provisions of section 369 or section 374 desires that he shall be  delivere,see_also,BNSS_2023
BNSS_2023_s378,BNSS_2023_s374,n detained under the provisions of section 369 or section 374 desires that he shall be  delivered to his care a,see_also,BNSS_2023
BNSS_2023_s378,BNSS_2023_s369,"rect;  (c) in the case of a person detained under sub-section (2) of section 369, be produced when required  before such Magistrat",see_also,BNSS_2023
BNSS_2023_s378,BNSS_2023_s371,"hall proceed in accordance with the provisions of section 371, and the certificate of the inspecting  officer s",see_also,BNSS_2023
BNSS_2023_s379,BNSS_2023_s215,"Procedure in cases mentioned in section 215.—(1) When, upon an application made to it in this",see_also,BNSS_2023
BNSS_2023_s379,BNSS_2023_s215,"ade into any offence referred to in clause (b) of sub-section (1) of section 215, which appears  to have been committed in or in r",see_also,BNSS_2023
BNSS_2023_s379,BNSS_2023_s215,ormer Court is  subordinate within the meaning of sub-section (4) of section 215.  (3) A complaint made under this section shall b,see_also,BNSS_2023
BNSS_2023_s379,BNSS_2023_s215,"this section, “Court” has the same meaning as in section 215.",see_also,BNSS_2023
BNSS_2023_s380,BNSS_2023_s379,"sed to  make a complaint under sub-section (1) or sub-section (2) of section 379, or against whom such a complaint  has been made",see_also,BNSS_2023
BNSS_2023_s380,BNSS_2023_s215,"ormer Court is subordinate within  the meaning of sub-section (4) of section 215, and the superior Court may thereupon, after noti",see_also,BNSS_2023
BNSS_2023_s380,BNSS_2023_s379,"nt  which such former Court might have made under section 379, and, if it makes such complaint, the  provisions",see_also,BNSS_2023
BNSS_2023_s380,BNSS_2023_s379,"on, and subject to any such order, an order under section 379, shall be final,  and shall not be subject to rev",see_also,BNSS_2023
BNSS_2023_s381,BNSS_2023_s379,"lication made to it for filing a complaint  under section 379 or an appeal under section 380, shall have power",see_also,BNSS_2023
BNSS_2023_s381,BNSS_2023_s380,"a complaint  under section 379 or an appeal under section 380, shall have power to make such order as to costs",see_also,BNSS_2023
BNSS_2023_s382,BNSS_2023_s379,") A Magistrate to whom a complaint is made  under section 379 or section 380 shall, notwithstanding anything co",see_also,BNSS_2023
BNSS_2023_s382,BNSS_2023_s380,"to whom a complaint is made  under section 379 or section 380 shall, notwithstanding anything contained in Chap",see_also,BNSS_2023
BNSS_2023_s383,BNSS_2023_s379,"the power of the Court to make a complaint under section 379  for the offence, where it does not choose to pro",see_also,BNSS_2023
BNSS_2023_s384,BNSS_2023_s210,"pt.—(1) When any such offence as is described  in section 210, section 213, section 214, section 215 or section",see_also,BNSS_2023
BNSS_2023_s384,BNSS_2023_s213,"any such offence as is described  in section 210, section 213, section 214, section 215 or section 267 of the B",see_also,BNSS_2023
BNSS_2023_s384,BNSS_2023_s214,"nce as is described  in section 210, section 213, section 214, section 215 or section 267 of the Bharatiya Nyay",see_also,BNSS_2023
BNSS_2023_s384,BNSS_2023_s215,"cribed  in section 210, section 213, section 214, section 215 or section 267 of the Bharatiya Nyaya  Sanhita, 2",see_also,BNSS_2023
BNSS_2023_s384,BNSS_2023_s267,"ion 210, section 213, section 214, section 215 or section 267 of the Bharatiya Nyaya  Sanhita, 2023 (45 of 2023",see_also,BNSS_2023
BNSS_2023_s402,BNSS_2023_s401,"d have dealt  with,—  (a) an accused person under section 401 or under the provisions of the Probation of Offen",see_also,BNSS_2023
BNSS_2023_s404,BNSS_2023_s136,ion (2) shall apply in relation to an order under section 136 as they apply  in relation to a judgment which is,see_also,BNSS_2023
BNSS_2023_s409,BNSS_2023_s407,"or annul conviction.—In any case submitted under  section 407, the High Court—  (a) may confirm the sentence, o",see_also,BNSS_2023
BNSS_2023_s411,BNSS_2023_s433,case shall be decided in the manner provided by  section 433.,see_also,BNSS_2023
BNSS_2023_s414,BNSS_2023_s136,"or.—Any person, —  (i) who has been ordered under section 136 to give security for keeping the peace or for goo",see_also,BNSS_2023
BNSS_2023_s414,BNSS_2023_s140,"er refusing to accept or rejecting a surety under section 140,  may appeal against such order to the Court of S",see_also,BNSS_2023
BNSS_2023_s414,BNSS_2023_s141,ordance with the provisions of sub-section (2) or sub-section (4) of section 141.,see_also,BNSS_2023
BNSS_2023_s415,BNSS_2023_s364,", or of the second class; or  (b) sentenced under section 364; or  (c) in respect of whom an order has been mad",see_also,BNSS_2023
BNSS_2023_s415,BNSS_2023_s401,"has been made or a sentence has been passed under section 401 by  any Magistrate,  may appeal to the Court of S",see_also,BNSS_2023
BNSS_2023_s415,BNSS_2023_s64,"al has been filed against a sentence passed under section 64, section 65,  section 66, section 67, section 68,",see_also,BNSS_2023
BNSS_2023_s415,BNSS_2023_s65,"filed against a sentence passed under section 64, section 65,  section 66, section 67, section 68, section 70",see_also,BNSS_2023
BNSS_2023_s415,BNSS_2023_s66,"a sentence passed under section 64, section 65,  section 66, section 67, section 68, section 70 or section 71",see_also,BNSS_2023
BNSS_2023_s415,BNSS_2023_s67,"passed under section 64, section 65,  section 66, section 67, section 68, section 70 or section 71 of the Bhar",see_also,BNSS_2023
BNSS_2023_s415,BNSS_2023_s68,"section 64, section 65,  section 66, section 67, section 68, section 70 or section 71 of the Bharatiya Nyaya",see_also,BNSS_2023
BNSS_2023_s415,BNSS_2023_s70,"section 65,  section 66, section 67, section 68, section 70 or section 71 of the Bharatiya Nyaya Sanhita, 202",see_also,BNSS_2023
BNSS_2023_s415,BNSS_2023_s71,"section 66, section 67, section 68, section 70 or section 71 of the Bharatiya Nyaya Sanhita, 2023, the appeal",see_also,BNSS_2023
BNSS_2023_s415,BNS_2023_s71,"section 66, section 67, section 68, section 70 or section 71 of the Bharatiya Nyaya Sanhita, 2023, the appeal  shall be disposed of within a",cross_act,BNS_2023
BNSS_2023_s416,BNSS_2023_s415,"ccused pleads guilty.—Notwithstanding anything in section  415, where an accused person has pleaded guilty and h",see_also,BNSS_2023
BNSS_2023_s417,BNSS_2023_s415,"ppeal in petty cases.—Notwithstanding anything in section 415, there shall be no appeal by  a convicted person",see_also,BNSS_2023
BNSS_2023_s417,BNSS_2023_s283,"ed summarily, a Magistrate empowered to act under section 283 passes only  a sentence of fine not exceeding two",see_also,BNSS_2023
BNSS_2023_s425,BNSS_2023_s423,"f appeal and copy of the  judgment received under section 423 or section 424, the Appellate Court considers tha",see_also,BNSS_2023
BNSS_2023_s425,BNSS_2023_s424,"py of the  judgment received under section 423 or section 424, the Appellate Court considers that there is no s",see_also,BNSS_2023
BNSS_2023_s425,BNSS_2023_s423,appeal summarily:  (a) no appeal presented under section 423 shall be dismissed unless the appellant or his ad,see_also,BNSS_2023
BNSS_2023_s425,BNSS_2023_s424,pport of the same;  (b) no appeal presented under section 424 shall be dismissed except after giving the appell,see_also,BNSS_2023
BNSS_2023_s425,BNSS_2023_s424,ances of the case;  (c) no appeal presented under section 424 shall be dismissed summarily until the period all,see_also,BNSS_2023
BNSS_2023_s425,BNSS_2023_s424,or doing so.  (4) Where an appeal presented under section 424 has been dismissed summarily under this section a,see_also,BNSS_2023
BNSS_2023_s425,BNSS_2023_s423,t another petition of appeal duly presented under section 423 on behalf of the  same appellant has not been con,see_also,BNSS_2023
BNSS_2023_s425,BNSS_2023_s434,"Court may, notwithstanding anything contained in section  434, if satisfied that it is necessary in the interes",see_also,BNSS_2023
BNSS_2023_s426,BNSS_2023_s418,"to the  complainant;  (iv) if the appeal is under section 418 or section 419, to the accused, and shall also fu",see_also,BNSS_2023
BNSS_2023_s426,BNSS_2023_s419,"nant;  (iv) if the appeal is under section 418 or section 419, to the accused, and shall also furnish such  off",see_also,BNSS_2023
BNSS_2023_s427,BNSS_2023_s418,"tor if he appears, and in case of an appeal under section 418  or section 419, the accused, if he appears, the",see_also,BNSS_2023
BNSS_2023_s427,BNSS_2023_s419,"s, and in case of an appeal under section 418  or section 419, the accused, if he appears, the Appellate Court",see_also,BNSS_2023
BNSS_2023_s431,BNSS_2023_s419,"from acquittal.—When an appeal is presented under section 419,  the High Court may issue a warrant directing th",see_also,BNSS_2023
BNSS_2023_s434,BNSS_2023_s418,"all be final, except in the cases provided for in section 418, section 419,  sub-section (4) of section 425 or",see_also,BNSS_2023
BNSS_2023_s434,BNSS_2023_s419,"except in the cases provided for in section 418, section 419,  sub-section (4) of section 425 or Chapter XXXII",see_also,BNSS_2023
BNSS_2023_s434,BNSS_2023_s425,"cases provided for in section 418, section 419,  sub-section (4) of section 425 or Chapter XXXII:  Provided that notwithstanding",see_also,BNSS_2023
BNSS_2023_s434,BNSS_2023_s419,"e merits,—  (a) an appeal against acquittal under section 419, arising out of the same case; or  (b) an appeal",see_also,BNSS_2023
BNSS_2023_s434,BNSS_2023_s418,") an appeal for the enhancement of sentence under section 418, arising out of the same case.",see_also,BNSS_2023
BNSS_2023_s435,BNSS_2023_s418,Abatement of appeals.—(1) Every appeal under section 418 or section 419 shall finally abate on  the death,see_also,BNSS_2023
BNSS_2023_s435,BNSS_2023_s419,of appeals.—(1) Every appeal under section 418 or section 419 shall finally abate on  the death of the accused.,see_also,BNSS_2023
BNSS_2023_s438,BNSS_2023_s439,Judge for the purposes of this subsection and of section 439.  (2) The powers of revision conferred by sub-sec,see_also,BNSS_2023
BNSS_2023_s439,BNSS_2023_s438,"r to order inquiry.—On examining any record under section 438 or otherwise, the High  Court or the Sessions Jud",see_also,BNSS_2023
BNSS_2023_s439,BNSS_2023_s226,"into any complaint which has been dismissed under section 226 or subsection (4) of section 227, or into the cas",see_also,BNSS_2023
BNSS_2023_s439,BNSS_2023_s227,"dismissed under section 226 or subsection (4) of section 227, or into the case of any person accused of an off",see_also,BNSS_2023
BNSS_2023_s450,BNSS_2023_s212,strate may recall any case made over by him under sub-section (2) of section 212  to any other Magistrate and may inquire into or,see_also,BNSS_2023
BNSS_2023_s452,BNSS_2023_s448,"essions Judge or Magistrate making an order under section 448,  section 449, section 450 or section 451 shall r",see_also,BNSS_2023
BNSS_2023_s452,BNSS_2023_s449,"or Magistrate making an order under section 448,  section 449, section 450 or section 451 shall record his reas",see_also,BNSS_2023
BNSS_2023_s452,BNSS_2023_s450,"making an order under section 448,  section 449, section 450 or section 451 shall record his reasons for makin",see_also,BNSS_2023
BNSS_2023_s452,BNSS_2023_s451,"r under section 448,  section 449, section 450 or section 451 shall record his reasons for making it.  CHAPTER",see_also,BNSS_2023
BNSS_2023_s453,BNSS_2023_s409,Execution of order passed under section 409.—When in a case submitted to the High Court for,see_also,BNSS_2023
BNSS_2023_s455,CONST_1950_Art134,"sub-clause (a) or sub-clause (b) of clause (1) of article 134 of the Constitution,  the High Court shall order the execution of the",cross_act,CONST_1950
BNSS_2023_s455,CONST_1950_Art134,"cle 132 or under sub-clause  (c) of clause (1) of article 134 of the Constitution, the High Court shall order the execution of the",cross_act,CONST_1950
BNSS_2023_s455,CONST_1950_Art136,"t for the grant of special leave  to appeal under article 136 of the Constitution, the High Court shall order the execution of the",cross_act,CONST_1950
BNSS_2023_s457,BNSS_2023_s58,"d to have been released from the civil jail under section 58 of the Code of Civil Procedure, 1908  (5 of 1908)",see_also,BNSS_2023
BNSS_2023_s457,BNSS_2023_s58,"nal jail that he is entitled to be released under section 58 of the Code of Civil Procedure,  1908 (5 of 1908)",see_also,BNSS_2023
BNSS_2023_s458,BNSS_2023_s453,"a term in cases other than those provided for by section 453, the Court  passing the sentence shall forthwith",see_also,BNSS_2023
BNSS_2023_s461,BNSS_2023_s395,of expenses or compensation out of the fine under section 395.  (2) The State Government may make rules regulat,see_also,BNSS_2023
BNSS_2023_s462,BNSS_2023_s461,uch warrant.—A warrant issued under clause (a) of sub-section (1) of section 461 by  any Court may be executed within the local ju,see_also,BNSS_2023
BNSS_2023_s463,BNSS_2023_s461,deemed to be a warrant issued under clause (b) of sub-section (1) of section 461 by a  Court in the territories to which this Sanh,see_also,BNSS_2023
BNSS_2023_s467,BNSS_2023_s141,"been sentenced to imprisonment by an order under section 141  in default of furnishing security is, whilst und",see_also,BNSS_2023
BNSS_2023_s468,BNSS_2023_s475,"ed on him:  Provided that in cases referred to in section 475, such period of detention shall be set off agains",see_also,BNSS_2023
BNSS_2023_s469,BNSS_2023_s466,Saving.—(1) Nothing in section 466 or section 467 shall be held to excuse any person,see_also,BNSS_2023
BNSS_2023_s469,BNSS_2023_s467,Saving.—(1) Nothing in section 466 or section 467 shall be held to excuse any person from any  part,see_also,BNSS_2023
BNSS_2023_s471,BNSS_2023_s461,"recoverable as if it were a fine:  Provided that section 461 shall, in its application to an order under secti",see_also,BNSS_2023
BNSS_2023_s471,BNSS_2023_s400,"n 461 shall, in its application to an order under section 400, by virtue of this section,  be construed as if i",see_also,BNSS_2023
BNSS_2023_s471,BNSS_2023_s461,"is section,  be construed as if in the proviso to sub-section (1) of section 461, after the words and figures “under section  395”",see_also,BNSS_2023
BNSS_2023_s471,BNSS_2023_s395,"f section 461, after the words and figures “under section  395”, the words and figures “or an order for payment",see_also,BNSS_2023
BNSS_2023_s471,BNSS_2023_s400,"d figures “or an order for payment of costs under section 400” had been inserted.  E.—Suspension, remission and",see_also,BNSS_2023
BNSS_2023_s472,CONST_1950_Art161,der article 72 or the Governor of the State under article 161 of the  Constitution within a period of thirty days from the date on w,cross_act,CONST_1950
BNSS_2023_s472,CONST_1950_Art161,"dent or of the Governor made  under article 72 or article 161 of the Constitution and it shall be final, and any question as to the",cross_act,CONST_1950
BNSS_2023_s478,BNSS_2023_s135,ction shall be deemed to affect the provisions of sub-section (3)  of section 135 or section 492.  (2) Notwithstanding anything in,see_also,BNSS_2023
BNSS_2023_s478,BNSS_2023_s492,provisions of sub-section (3)  of section 135 or section 492.  (2) Notwithstanding anything in sub-section (1),see_also,BNSS_2023
BNSS_2023_s478,BNSS_2023_s491,ond or bail bond to pay the penalty thereof under section 491.,see_also,BNSS_2023
BNSS_2023_s480,BNSS_2023_s492,"the accused shall, subject to  the provisions of section 492 and pending such inquiry, be released on bail, or",see_also,BNSS_2023
BNSS_2023_s481,BNSS_2023_s491,the bond stand forfeited and the procedure under section 491 shall  apply.,see_also,BNSS_2023
BNSS_2023_s482,BNSS_2023_s480,"(iv) such other condition as may be imposed under sub-section (3) of section 480, as if the bail were  granted under that section.",see_also,BNSS_2023
BNSS_2023_s482,BNSS_2023_s65,accusation of  having committed an offence under section 65 and sub-section (2) of section 70 of the Bharatiy,see_also,BNSS_2023
BNSS_2023_s482,BNSS_2023_s70,"having committed an offence under section 65 and sub-section (2) of section 70 of the Bharatiya Nyaya  Sanhita, 2023.",see_also,BNSS_2023
BNSS_2023_s483,BNSS_2023_s480,"and if the offence is of the  nature specified in sub-section (3) of section 480, may impose any condition which it considers nece",see_also,BNSS_2023
BNSS_2023_s483,BNSS_2023_s65,erson who  is accused of an offence triable under section 65 or sub-section (2) of section 70 of the Bharatiya,see_also,BNSS_2023
BNSS_2023_s483,BNSS_2023_s70,"accused of an offence triable under section 65 or sub-section (2) of section 70 of the Bharatiya Nyaya  Sanhita, 2023, give notic",see_also,BNSS_2023
BNSS_2023_s483,BNSS_2023_s65,g of the application for bail to the person under section 65 or sub-section (2) of section 70 of the  Bharatiy,see_also,BNSS_2023
BNSS_2023_s483,BNSS_2023_s70,"cation for bail to the person under section 65 or sub-section (2) of section 70 of the  Bharatiya Nyaya Sanhita, 2023.  (3) A Hig",see_also,BNSS_2023
BNSS_2023_s483,BNS_2023_s70,"the person under section 65 or sub-section (2) of section 70 of the  Bharatiya Nyaya Sanhita, 2023.  (3) A High Court or Court of Session may",cross_act,BNS_2023
BNSS_2023_s487,BNSS_2023_s478,"shall release him.  (2) Nothing in this section, section 478 or section 480, shall be deemed to require the re",see_also,BNSS_2023
BNSS_2023_s487,BNSS_2023_s480,"him.  (2) Nothing in this section, section 478 or section 480, shall be deemed to require the release of any  p",see_also,BNSS_2023
BNSS_2023_s491,BNSS_2023_s125,Where any person who has furnished security under section 125 or section 136 or section 401 is  convicted of an,see_also,BNSS_2023
BNSS_2023_s491,BNSS_2023_s136,n who has furnished security under section 125 or section 136 or section 401 is  convicted of an offence the co,see_also,BNSS_2023
BNSS_2023_s491,BNSS_2023_s401,shed security under section 125 or section 136 or section 401 is  convicted of an offence the commission of whi,see_also,BNSS_2023
BNSS_2023_s491,BNSS_2023_s494,"or of a  bond executed in lieu of his bond under section 494, a certified copy of the judgment of the Court by",see_also,BNSS_2023
BNSS_2023_s492,BNSS_2023_s491,"bail bond.—Without prejudice to the provisions of section 491, where  a bond or bail bond under this Sanhita is",see_also,BNSS_2023
BNSS_2023_s493,BNSS_2023_s491,"en any bond is forfeited under the  provisions of section 491, the Court by whose order such bond was taken, or",see_also,BNSS_2023
BNSS_2023_s495,BNSS_2023_s491,Appeal from orders under section 491.—All orders passed under section 491 shall be  ap,see_also,BNSS_2023
BNSS_2023_s495,BNSS_2023_s491,"orders under section 491.—All orders passed under section 491 shall be  appealable,—  (i) in the case of an ord",see_also,BNSS_2023
BNSS_2023_s513,BNSS_2023_s514,iod of  limitation” means the period specified in section 514 for taking cognizance of an offence.,see_also,BNSS_2023
BNSS_2023_s514,BNSS_2023_s223,date shall be the date  of filing complaint under section 223 or the date of recording of information under sec,see_also,BNSS_2023
BNSS_2023_s514,BNSS_2023_s173,223 or the date of recording of information under section 173.,see_also,BNSS_2023
BNSS_2023_s520,BNSS_2023_s447,"is tried by the High Court otherwise than under  section 447, it shall, in the trial of the offence, observe t",see_also,BNSS_2023
BNSS_2023_s531,BNSS_2023_s84,QUIRING THE APPEARANCE OF A PERSON ACCUSED   (See section 84)  WHEREAS a complaint has been made before me tha,see_also,BNSS_2023
BNSS_2023_s531,BNSS_2023_s85,O COMPEL THE APPEARANCE OF A PERSON ACCUSED  (See section 85)  To ............................................,see_also,BNSS_2023
BNSS_2023_s531,BNSS_2023_s85,"ified in clause (a), or clause (c),  or both*, of sub-section (3) of section 85, and to hold the same under attachment pending fu",see_also,BNSS_2023
BNSS_2023_s531,BNSS_2023_s90,IN THE FIRST INSTANCE TO BRING UP A WITNESS  (See section 90)  To ............................................,see_also,BNSS_2023
BNSS_2023_s531,BNSS_2023_s96,H AFTER INFORMATION OF A PARTICULAR OFFENCE  (See section 96)  To ............................................,see_also,BNSS_2023
BNSS_2023_s531,BNSS_2023_s97,ARRANT TO SEARCH SUSPECTED PLACE OF DEPOSIT  (See section 97)  To ............................................,see_also,BNSS_2023
BNSS_2023_s531,BNSS_2023_s132,FORMATION OF A PROBABLE BREACH OF THE PEACE  (See section 132)  To ............................................,see_also,BNSS_2023
BNSS_2023_s531,BNSS_2023_s141,FAILURE TO FIND SECURITY TO KEEP THE PEACE  (See section 141)  To the Officer in charge of the Jail at .......,see_also,BNSS_2023
BNSS_2023_s531,BNSS_2023_s144,IMPRISONMENT ON FAILURE TO PAY MAINTENANCE  (See section 144)  WHEREAS........................................,see_also,BNSS_2023
BNSS_2023_s531,BNSS_2023_s161,IDE AGAINST IMMINENT DANGER PENDING INQUIRY  (See section 161)   WHEREAS the inquiry into the conditional order,see_also,BNSS_2023
BNSS_2023_s531,BNSS_2023_s161,"or injury, I do  hereby, under the provisions of section 161 of the Bharatiya Nagarik Suraksha Sanhita, 2023,",see_also,BNSS_2023
BNSS_2023_s531,BNSS_2023_s164,"RETAIN POSSESSION OF LAND, ETC., IN DISPUTE  (See section 164)  It appears to me, on the grounds duly recorded,",see_also,BNSS_2023
BNSS_2023_s531,BNSS_2023_s166,TING THE DOING OF ANYTHING ON LAND OR WATER  (See section 166)   A dispute having arisen concerning the right o,see_also,BNSS_2023
BNSS_2023_s531,BNSS_2023_s190,"No. 30  BOND TO PROSECUTE OR GIVE EVIDENCE  (See section 190)  I,.............................................",see_also,BNSS_2023
BNSS_2023_s531,BNSS_2023_s273,IMPRISONMENT ON FAILURE TO PAY COMPENSATION  (See section 273)  To the Officer in charge of Jail at............,see_also,BNSS_2023
BNSS_2023_s531,BNSS_2023_s8(6)(b),"m of imprisonment), subject to the provisions of  section 8(6)(b) of the Bharatiya Nyaya Sanhita, 2023, unless the",see_also,BNSS_2023
BNSS_2023_s531,BNSS_2023_s384,IN CASES OF CONTEMPT WHEN A FINE IS IMPOSED  (See section 384)   WHEREAS at a Court held before me on this day.,see_also,BNSS_2023
BNSS_2023_s531,BNSS_2023_s388,REFUSING TO ANSWER OR  TO PRODUCE DOCUMENT  (See section 388)  To.............................................,see_also,BNSS_2023
BNSS_2023_s531,BNSS_2023_s407,RRANT OF COMMITMENT UNDER SENTENCE OF DEATH  (See section 407)   WHEREAS at the session held before me on the..,see_also,BNSS_2023
BNSS_2023_s531,BNSS_2023_s161,"or injury, I do  hereby, under the provisions of section 161 of the Bharatiya Nagarik Suraksha Sanhita, 2023, direct and  enjoin you forthwith to ......",cross_act,BNSS_2023
BSA_2023_s19,BSA_2023_s26,would be relevant as between third persons under  section 26;  (2) an admission may be proved by or on behalf,see_also,BSA_2023
BSA_2023_s24,BSA_2023_s84,"fails to comply with a proclamation issued under section 84 of the Bharatiya Nagarik  Suraksha Sanhita, 2023",see_also,BSA_2023
BSA_2023_s26,BSA_2023_s11,uch  transaction as is specified in clause (a) of section 11;  (h) when the statement was made by a number of,see_also,BSA_2023
BSA_2023_s33,BSA_2023_s6,A was convicted and  sentenced is relevant under section 6 as showing the motive for the fact in issue.,see_also,BSA_2023
BSA_2023_s38,BSA_2023_s34,"udgment, order or decree which is relevant under  section 34, 35 or 36, and which has been proved by the adver",see_also,BSA_2023
BSA_2023_s39,BSA_2023_s79A,"e  Examiner of Electronic Evidence referred to in section 79A of the Information Technology Act, 2000  (21 of 2",see_also,BSA_2023
BSA_2023_s80,BSA_2023_s92,"Explanation.—For the purposes of this section and section 92, document is said to be in proper  custody if it",see_also,BSA_2023
BSA_2023_s81,BSA_2023_s93,Explanation.—For the purposes of this section and section 93 electronic records are said to be in  proper cust,see_also,BSA_2023
BSA_2023_s95,BSA_2023_s94,"orm of a document, have been  proved according to section 94, no evidence of any oral agreement or statement s",see_also,BSA_2023
BSA_2023_s115,BSA_2023_s147,"are the following, namely:—  (a) an offence under section 147, section 148, section 149 or section 150 of the B",see_also,BSA_2023
BSA_2023_s115,BSA_2023_s148,"wing, namely:—  (a) an offence under section 147, section 148, section 149 or section 150 of the Bharatiya Nyay",see_also,BSA_2023
BSA_2023_s115,BSA_2023_s149,"—  (a) an offence under section 147, section 148, section 149 or section 150 of the Bharatiya Nyaya  Sanhita, 2",see_also,BSA_2023
BSA_2023_s115,BSA_2023_s150,"ce under section 147, section 148, section 149 or section 150 of the Bharatiya Nyaya  Sanhita, 2023;  (b) crimi",see_also,BSA_2023
BSA_2023_s115,BSA_2023_s149,"tempt to commit, or abetment of, an offence under section  149 or section 150 of the Bharatiya Nyaya Sanhita, 20",see_also,BSA_2023
BSA_2023_s115,BSA_2023_s150,"or abetment of, an offence under section  149 or section 150 of the Bharatiya Nyaya Sanhita, 2023.",see_also,BSA_2023
BSA_2023_s115,BNS_2023_s150,"or abetment of, an offence under section  149 or section 150 of the Bharatiya Nyaya Sanhita, 2023.",cross_act,BNS_2023
BSA_2023_s117,BSA_2023_s86,"ion, “cruelty” shall have the same meaning as in  section 86 of the Bharatiya Nyaya Sanhita, 2023.",see_also,BSA_2023
BSA_2023_s117,BNS_2023_s86,"ion, “cruelty” shall have the same meaning as in  section 86 of the Bharatiya Nyaya Sanhita, 2023.",cross_act,BNS_2023
BSA_2023_s118,BSA_2023_s80,"“dowry death” shall have the same meaning as  in section 80 of the Bharatiya Nyaya Sanhita, 2023.",see_also,BSA_2023
BSA_2023_s118,BNS_2023_s80,"“dowry death” shall have the same meaning as  in section 80 of the Bharatiya Nyaya Sanhita, 2023.",cross_act,BNS_2023
BSA_2023_s120,BSA_2023_s64,"cution for rape.—In a prosecution for  rape under sub-section (2) of section 64 of the Bharatiya Nyaya Sanhita, 2023, where sexua",see_also,BSA_2023
BSA_2023_s120,BSA_2023_s63,"rcourse” shall mean any of the acts mentioned in  section 63 of the Bharatiya Nyaya Sanhita, 2023.  CHAPTER VI",see_also,BSA_2023
BSA_2023_s120,BNS_2023_s64,"a prosecution for  rape under sub-section (2) of section 64 of the Bharatiya Nyaya Sanhita, 2023, where sexual intercourse  by the accused i",cross_act,BNS_2023
BSA_2023_s120,BNS_2023_s63,"rcourse” shall mean any of the acts mentioned in  section 63 of the Bharatiya Nyaya Sanhita, 2023.  CHAPTER VIII  ESTOPPEL",cross_act,BNS_2023
BSA_2023_s149,BSA_2023_s64,"ovided that in a prosecution for an offence under section 64, section 65, section 66,  section 67, section 68,",see_also,BSA_2023
BSA_2023_s149,BSA_2023_s65,"in a prosecution for an offence under section 64, section 65, section 66,  section 67, section 68, section 69,",see_also,BSA_2023
BSA_2023_s149,BSA_2023_s66,"tion for an offence under section 64, section 65, section 66,  section 67, section 68, section 69, section 70",see_also,BSA_2023
BSA_2023_s149,BSA_2023_s67,"ffence under section 64, section 65, section 66,  section 67, section 68, section 69, section 70 or section 71",see_also,BSA_2023
BSA_2023_s149,BSA_2023_s68,"section 64, section 65, section 66,  section 67, section 68, section 69, section 70 or section 71 of the Bhar",see_also,BSA_2023
BSA_2023_s149,BSA_2023_s69,"section 65, section 66,  section 67, section 68, section 69, section 70 or section 71 of the Bharatiya Nyaya",see_also,BSA_2023
BSA_2023_s149,BSA_2023_s70,"section 66,  section 67, section 68, section 69, section 70 or section 71 of the Bharatiya Nyaya Sanhita, 202",see_also,BSA_2023
BSA_2023_s149,BSA_2023_s71,"section 67, section 68, section 69, section 70 or section 71 of the Bharatiya Nyaya Sanhita, 2023 or for  atte",see_also,BSA_2023
BSA_2023_s149,BNS_2023_s71,"section 67, section 68, section 69, section 70 or section 71 of the Bharatiya Nyaya Sanhita, 2023 or for  attempt to commit any such offence,",cross_act,BNS_2023
BSA_2023_s150,BSA_2023_s137,"ant to  the suit or proceeding, the provisions of section 137 shall apply thereto.",see_also,BSA_2023
BSA_2023_s152,BSA_2023_s151,"e grounds.—No such question as is referred to in  section 151 ought to be asked, unless the person asking it ha",see_also,BSA_2023
BSA_2023_s161,BSA_2023_s26,"connection with proved statement relevant under  section 26 or 27.—Whenever any statement, relevant under sec",see_also,BSA_2023
BSA_2023_s161,BSA_2023_s26,"26 or 27.—Whenever any statement, relevant under section 26 or 27, is proved, all matters may  be proved eith",see_also,BSA_2023
